chapter_no,title,subject,exam,exam_group,year,questions,max_question_seen,start_pdf_page,end_pdf_page,toc_pdf_page,printed_page
1,Anatomy AIIMS 2017,Anatomy,AIIMS,AIIMS/INI-CET,2017,23,23,2,30,1,16
2,Anatomy AIIMS 2018,Anatomy,AIIMS,AIIMS/INI-CET,2018,22,22,31,52,1,45
3,Anatomy AIIMS 2019 (May & Nov),Anatomy,AIIMS,AIIMS/INI-CET,2019,19,19,53,80,1,67
4,Anatomy AIIMS 2020 (May & Nov INI-CET),Anatomy,AIIMS,AIIMS/INI-CET,2020,24,24,81,111,1,95
5,Anatomy NEET 2018,Anatomy,NEET PG,NEET PG,2018,14,14,112,124,1,126
6,Anatomy NEET 2019,Anatomy,NEET PG,NEET PG,2019,18,18,125,141,1,139
7,Anatomy NEET 2020,Anatomy,NEET PG,NEET PG,2020,17,17,142,160,1,156
8,Anatomy INI-CET 2021,Anatomy,INI-CET,AIIMS/INI-CET,2021,23,23,161,203,1,175
9,Anatomy NEET 2021,Anatomy,NEET PG,NEET PG,2021,7,7,204,218,1,218
10,Anatomy INI-CET 2022,Anatomy,INI-CET,AIIMS/INI-CET,2022,37,37,219,283,1,233
11,Anatomy NEET 2022,Anatomy,NEET PG,NEET PG,2022,5,5,284,296,1,298
12,Anatomy NEET 2023,Anatomy,NEET PG,NEET PG,2023,8,8,297,308,1,311
13,Anatomy INI-CET 2023,Anatomy,INI-CET,AIIMS/INI-CET,2023,25,25,309,351,1,323
14,Anatomy INI-CET 2024,Anatomy,INI-CET,AIIMS/INI-CET,2024,24,24,352,386,1,366
15,Anatomy NEET 2024,Anatomy,NEET PG,NEET PG,2024,106,24,387,489,1,401
21,Physiology NEET 2019,Physiology,NEET PG,NEET PG,2019,19,19,490,503,403,503
22,Physiology NEET 2020,Physiology,NEET PG,NEET PG,2020,17,17,504,515,403,517
23,Physiology INI-CET 2021,Physiology,INI-CET,AIIMS/INI-CET,2021,22,22,516,540,403,529
24,Physiology NEET 2021,Physiology,NEET PG,NEET PG,2021,5,5,541,545,403,554
25,Physiology INI-CET 2022,Physiology,INI-CET,AIIMS/INI-CET,2022,31,31,546,578,403,559
26,Physiology NEET 2022,Physiology,NEET PG,NEET PG,2022,6,6,579,588,403,592
27,Physiology NEET 2023,Physiology,NEET PG,NEET PG,2023,9,9,589,601,403,602
28,Physiology INI-CET 2023,Physiology,INI-CET,AIIMS/INI-CET,2023,23,23,602,628,403,615
29,Physiology INI-CET 2024,Physiology,INI-CET,AIIMS/INI-CET,2024,31,31,629,664,403,642
30,Physiology NEET 2024,Physiology,NEET PG,NEET PG,2024,14,14,665,679,403,678
31,Biochemistry AIIMS 2017,Biochemistry,AIIMS,AIIMS/INI-CET,2017,19,19,680,694,679,692
32,Biochemistry AIIMS 2018,Biochemistry,AIIMS,AIIMS/INI-CET,2018,21,21,695,710,679,707
33,Biochemistry AIIMS 2019 (May & Nov),Biochemistry,AIIMS,AIIMS/INI-CET,2019,18,18,711,726,679,723
34,Biochemistry AIIMS 2020 (May & Nov INI-CET),Biochemistry,AIIMS,AIIMS/INI-CET,2020,20,20,727,745,679,739
35,Biochemistry NEET 2018,Biochemistry,NEET PG,NEET PG,2018,16,16,746,757,679,758
36,Biochemistry NEET 2019,Biochemistry,NEET PG,NEET PG,2019,12,12,758,765,679,770
37,Biochemistry NEET 2020,Biochemistry,NEET PG,NEET PG,2020,14,14,766,778,679,778
38,Biochemistry INI-CET 2021,Biochemistry,INI-CET,AIIMS/INI-CET,2021,25,25,779,809,679,791
39,Biochemistry NEET 2021,Biochemistry,NEET PG,NEET PG,2021,12,12,810,832,679,822
40,Biochemistry INI-CET 2022,Biochemistry,INI-CET,AIIMS/INI-CET,2022,27,27,833,859,679,845
41,Biochemistry NEET 2022,Biochemistry,NEET PG,NEET PG,2022,10,10,860,872,679,872
42,Biochemistry NEET 2023,Biochemistry,NEET PG,NEET PG,2023,15,15,873,890,679,885
43,Biochemistry INI-CET 2023,Biochemistry,INI-CET,AIIMS/INI-CET,2023,17,17,891,911,679,903
44,Biochemistry INI-CET 2024,Biochemistry,INI-CET,AIIMS/INI-CET,2024,19,19,912,933,679,924
45,Biochemistry NEET 2024,Biochemistry,NEET PG,NEET PG,2024,21,21,934,965,679,946
46,Pharmacology AIIMS 2017,Pharmacology,AIIMS,AIIMS/INI-CET,2017,32,32,966,987,965,977
47,Pharmacology AIIMS 2018,Pharmacology,AIIMS,AIIMS/INI-CET,2018,35,35,988,1013,965,999
48,Pharmacology AIIMS 2019 (May & Nov),Pharmacology,AIIMS,AIIMS/INI-CET,2019,20,20,1014,1026,965,1025
49,Pharmacology AIIMS 2020 (May & Nov INI-CET),Pharmacology,AIIMS,AIIMS/INI-CET,2020,33,33,1027,1054,965,1038
50,Pharmacology NEET 2018,Pharmacology,NEET PG,NEET PG,2018,24,24,1055,1068,965,1066
51,Pharmacology NEET 2019,Pharmacology,NEET PG,NEET PG,2019,24,24,1069,1083,965,1080
52,Pharmacology NEET 2020,Pharmacology,NEET PG,NEET PG,2020,22,22,1084,1098,965,1095
53,Pharmacology INI-CET 2021,Pharmacology,INI-CET,AIIMS/INI-CET,2021,35,35,1099,1133,965,1110
54,Pharmacology NEET 2021,Pharmacology,NEET PG,NEET PG,2021,16,16,1134,1149,965,1145
55,Pharmacology INI-CET 2022,Pharmacology,INI-CET,AIIMS/INI-CET,2022,57,57,1150,1205,965,1161
56,Pharmacology NEET 2022,Pharmacology,NEET PG,NEET PG,2022,15,15,1206,1223,965,1217
57,Pharmacology NEET 2023,Pharmacology,NEET PG,NEET PG,2023,12,12,1224,1235,965,1235
58,Pharmacology INI-CET 2023,Pharmacology,INI-CET,AIIMS/INI-CET,2023,34,34,1236,1275,965,1247
59,Pharmacology INI-CET 2024,Pharmacology,INI-CET,AIIMS/INI-CET,2024,24,24,1276,1298,965,1287
60,Pharmacology NEET 2024,Pharmacology,NEET PG,NEET PG,2024,24,24,1299,1323,965,1310
61,Microbiology AIIMS 2017,Microbiology,AIIMS,AIIMS/INI-CET,2017,28,28,1324,1349,1323,1334
62,Microbiology AIIMS 2018,Microbiology,AIIMS,AIIMS/INI-CET,2018,24,24,1350,1374,1323,1360
63,Microbiology AIIMS 2019 (May & Nov),Microbiology,AIIMS,AIIMS/INI-CET,2019,20,20,1375,1391,1323,1385
64,Microbiology AIIMS 2020 (May & Nov INI-CET),Microbiology,AIIMS,AIIMS/INI-CET,2020,37,37,1392,1432,1323,1402
65,Microbiology NEET 2018,Microbiology,NEET PG,NEET PG,2018,18,18,1433,1445,1323,1443
66,Microbiology NEET 2019,Microbiology,NEET PG,NEET PG,2019,23,23,1446,1468,1323,1456
67,Microbiology NEET 2020,Microbiology,NEET PG,NEET PG,2020,20,20,1469,1488,1323,1479
68,Microbiology INI-CET 2021,Microbiology,INI-CET,AIIMS/INI-CET,2021,25,25,1489,1537,1323,1499
69,Microbiology NEET 2021,Microbiology,NEET PG,NEET PG,2021,11,11,1538,1559,1323,1548
70,Microbiology INI-CET 2022,Microbiology,INI-CET,AIIMS/INI-CET,2022,45,45,1560,1618,1323,1570
71,Microbiology NEET 2022,Microbiology,NEET PG,NEET PG,2022,11,11,1619,1638,1323,1629
72,Microbiology NEET 2023,Microbiology,NEET PG,NEET PG,2023,13,13,1639,1660,1323,1649
73,Microbiology INI-CET 2023,Microbiology,INI-CET,AIIMS/INI-CET,2023,34,34,1661,1707,1323,1671
74,Microbiology INI-CET 2024,Microbiology,INI-CET,AIIMS/INI-CET,2024,37,37,1708,1757,1323,1718
75,Microbiology NEET 2024,Microbiology,NEET PG,NEET PG,2024,24,24,1758,1797,1323,1768
76,Pathology AIIMS 2017,Pathology,AIIMS,AIIMS/INI-CET,2017,34,34,1798,1834,1797,1807
77,Pathology AIIMS 2018,Pathology,AIIMS,AIIMS/INI-CET,2018,22,22,1835,1855,1797,1844
78,Pathology AIIMS 2019 (May & Nov),Pathology,AIIMS,AIIMS/INI-CET,2019,33,33,1856,1886,1797,1865
79,Pathology AIIMS 2020 (May & Nov INI-CET),Pathology,AIIMS,AIIMS/INI-CET,2020,34,34,1887,1921,1797,1896
80,Pathology NEET 2018,Pathology,NEET PG,NEET PG,2018,20,20,1922,1937,1797,1931
81,Pathology NEET 2019,Pathology,NEET PG,NEET PG,2019,19,19,1938,1956,1797,1947
82,Pathology NEET 2020,Pathology,NEET PG,NEET PG,2020,26,26,1957,1986,1797,1966
83,Pathology INI-CET 2021,Pathology,INI-CET,AIIMS/INI-CET,2021,34,34,1987,2050,1797,1996
84,Pathology NEET 2021,Pathology,NEET PG,NEET PG,2021,15,15,2051,2076,1797,2060
85,Pathology INI-CET 2022,Pathology,INI-CET,AIIMS/INI-CET,2022,57,57,2077,2167,1797,2086
86,Pathology NEET 2022,Pathology,NEET PG,NEET PG,2022,10,10,2168,2186,1797,2177
87,Pathology NEET 2023,Pathology,NEET PG,NEET PG,2023,12,12,2187,2208,1797,2196
88,Pathology INI-CET 2023,Pathology,INI-CET,AIIMS/INI-CET,2023,41,41,2209,2258,1797,2218
89,Pathology INI-CET 2024,Pathology,INI-CET,AIIMS/INI-CET,2024,31,31,2259,2293,1797,2268
90,Pathology NEET 2024,Pathology,NEET PG,NEET PG,2024,33,33,2294,2356,1797,2303
91,Community Medicine AIIMS 2017,Community Medicine,AIIMS,AIIMS/INI-CET,2017,0,0,2357,2356,2356,2365
94,Community Medicine AIIMS 2020 (May & Nov INI-CET),Community Medicine,AIIMS,AIIMS/INI-CET,2020,23,23,2357,2374,2356,2428
92,Community Medicine AIIMS 2018,Community Medicine,AIIMS,AIIMS/INI-CET,2018,32,32,2375,2397,2356,2383
93,Community Medicine AIIMS 2019 (May & Nov),Community Medicine,AIIMS,AIIMS/INI-CET,2019,48,27,2398,2433,2356,2406
95,Community Medicine NEET 2018,Community Medicine,NEET PG,NEET PG,2018,0,0,2434,2433,2356,2442
101,Community Medicine NEET 2022,Community Medicine,NEET PG,NEET PG,2022,23,23,2434,2447,2356,2565
96,Community Medicine NEET 2019,Community Medicine,NEET PG,NEET PG,2019,24,24,2448,2463,2356,2456
97,Community Medicine NEET 2020,Community Medicine,NEET PG,NEET PG,2020,23,23,2464,2478,2356,2472
98,Community Medicine INI-CET 2021,Community Medicine,INI-CET,AIIMS/INI-CET,2021,26,26,2479,2505,2356,2487
99,Community Medicine NEET 2021,Community Medicine,NEET PG,NEET PG,2021,17,17,2506,2524,2356,2514
100,Community Medicine INI-CET 2022,Community Medicine,INI-CET,AIIMS/INI-CET,2022,43,31,2525,2569,2356,2533
102,Community Medicine NEET 2023,Community Medicine,NEET PG,NEET PG,2023,15,15,2570,2585,2356,2578
103,Community Medicine INI-CET 2023,Community Medicine,INI-CET,AIIMS/INI-CET,2023,22,22,2586,2610,2356,2594
104,Community Medicine INI-CET 2024,Community Medicine,INI-CET,AIIMS/INI-CET,2024,15,15,2611,2624,2356,2619
105,Community Medicine NEET 2024,Community Medicine,NEET PG,NEET PG,2024,33,33,2625,2657,2356,2633
106,Forensic Medicine AIIMS 2017,Forensic Medicine,AIIMS,AIIMS/INI-CET,2017,0,0,2658,2657,2657,2665
109,Forensic Medicine AIIMS 2020 (May & Nov INI-CET),Forensic Medicine,AIIMS,AIIMS/INI-CET,2020,14,14,2658,2670,2657,2698
107,Forensic Medicine AIIMS 2018,Forensic Medicine,AIIMS,AIIMS/INI-CET,2018,19,19,2671,2685,2657,2678
108,Forensic Medicine AIIMS 2019 (May & Nov),Forensic Medicine,AIIMS,AIIMS/INI-CET,2019,25,18,2686,2709,2657,2693
110,Forensic Medicine NEET 2018,Forensic Medicine,NEET PG,NEET PG,2018,11,11,2710,2718,2657,2717
111,Forensic Medicine NEET 2019,Forensic Medicine,NEET PG,NEET PG,2019,11,11,2719,2727,2657,2726
112,Forensic Medicine NEET 2020,Forensic Medicine,NEET PG,NEET PG,2020,8,8,2728,2734,2657,2735
113,Forensic Medicine INI-CET 2021,Forensic Medicine,INI-CET,AIIMS/INI-CET,2021,18,18,2735,2762,2657,2742
114,Forensic Medicine NEET 2021,Forensic Medicine,NEET PG,NEET PG,2021,10,10,2763,2779,2657,2770
115,Forensic Medicine INI-CET 2022,Forensic Medicine,INI-CET,AIIMS/INI-CET,2022,28,28,2780,2816,2657,2787
116,Forensic Medicine NEET 2022,Forensic Medicine,NEET PG,NEET PG,2022,8,8,2817,2827,2657,2824
117,Forensic Medicine NEET 2023,Forensic Medicine,NEET PG,NEET PG,2023,8,8,2828,2835,2657,2835
118,Forensic Medicine INI-CET 2023,Forensic Medicine,INI-CET,AIIMS/INI-CET,2023,20,20,2836,2864,2657,2843
119,Forensic Medicine INI-CET 2024,Forensic Medicine,INI-CET,AIIMS/INI-CET,2024,12,12,2865,2877,2657,2872
120,Forensic Medicine NEET 2024,Forensic Medicine,NEET PG,NEET PG,2024,18,18,2878,2897,2657,2885
121,Ophthalmology AIIMS 2017,Ophthalmology,AIIMS,AIIMS/INI-CET,2017,15,15,2898,2924,2897,2904
122,Ophthalmology AIIMS 2018,Ophthalmology,AIIMS,AIIMS/INI-CET,2018,19,19,2925,2961,2897,2931
123,Ophthalmology AIIMS 2019 (May & Nov),Ophthalmology,AIIMS,AIIMS/INI-CET,2019,11,11,2962,2980,2897,2968
124,Ophthalmology AIIMS 2020 (May & Nov INI-CET),Ophthalmology,AIIMS,AIIMS/INI-CET,2020,8,8,2981,2990,2897,2987
125,Ophthalmology NEET 2018,Ophthalmology,NEET PG,NEET PG,2018,12,12,2991,3008,2897,2997
126,Ophthalmology NEET 2019,Ophthalmology,NEET PG,NEET PG,2019,11,11,3009,3023,2897,3015
127,Ophthalmology NEET 2020,Ophthalmology,NEET PG,NEET PG,2020,11,11,3024,3032,2897,3030
128,Ophthalmology INI-CET 2021,Ophthalmology,INI-CET,AIIMS/INI-CET,2021,13,13,3033,3048,2897,3039
129,Ophthalmology NEET 2021,Ophthalmology,NEET PG,NEET PG,2021,8,8,3049,3065,2897,3055
130,Ophthalmology INICET 2022,Ophthalmology,INI-CET,AIIMS/INI-CET,2022,21,21,3066,3089,2897,3072
131,Ophthalmology NEET 2022,Ophthalmology,NEET PG,NEET PG,2022,6,6,3090,3104,2897,3096
132,Ophthalmology NEET 2023,Ophthalmology,NEET PG,NEET PG,2023,8,8,3105,3115,2897,3111
133,Ophthalmology INI-CET 2023,Ophthalmology,INI-CET,AIIMS/INI-CET,2023,11,11,3116,3135,2897,3122
134,Ophthalmology INI-CET 2024,Ophthalmology,INI-CET,AIIMS/INI-CET,2024,22,22,3136,3157,2897,3142
135,Ophthalmology NEET 2024,Ophthalmology,NEET PG,NEET PG,2024,14,14,3158,3182,2897,3164
136,ENT AIIMS 2017,ENT,AIIMS,AIIMS/INI-CET,2017,9,9,3183,3196,3182,3188
137,ENT AIIMS 2018,ENT,AIIMS,AIIMS/INI-CET,2018,8,8,3197,3206,3182,3202
138,ENT AIIMS 2019 (May & Nov),ENT,AIIMS,AIIMS/INI-CET,2019,5,5,3207,3212,3182,3212
139,ENT AIIMS 2020 (May & Nov INI-CET),ENT,AIIMS,AIIMS/INI-CET,2020,12,12,3213,3234,3182,3218
140,ENT NEET 2018,ENT,NEET PG,NEET PG,2018,6,6,3235,3241,3182,3240
141,ENT NEET 2019,ENT,NEET PG,NEET PG,2019,6,6,3242,3250,3182,3247
142,ENT NEET 2020,ENT,NEET PG,NEET PG,2020,8,8,3251,3260,3182,3256
143,ENT INICET 2021,ENT,INI-CET,AIIMS/INI-CET,2021,10,10,3261,3280,3182,3266
144,ENT NEET 2021,ENT,NEET PG,NEET PG,2021,6,6,3281,3291,3182,3286
145,ENT INICET 2022,ENT,INI-CET,AIIMS/INI-CET,2022,14,14,3292,3312,3182,3297
146,ENT NEET 2022,ENT,NEET PG,NEET PG,2022,9,9,3313,3328,3182,3318
147,ENT NEET 2023,ENT,NEET PG,NEET PG,2023,6,6,3329,3338,3182,3334
148,ENT INICET 2023,ENT,INI-CET,AIIMS/INI-CET,2023,14,14,3339,3359,3182,3344
149,ENT INI-CET 2024,ENT,INI-CET,AIIMS/INI-CET,2024,13,13,3360,3378,3182,3365
150,ENT NEET 2024,ENT,NEET PG,NEET PG,2024,13,13,3379,3402,3182,3384
151,Anesthesia AIIMS 2017,Anesthesia,AIIMS,AIIMS/INI-CET,2017,7,7,3403,3407,3402,3407
152,Anesthesia AIIMS 2018,Anesthesia,AIIMS,AIIMS/INI-CET,2018,4,4,3408,3410,3402,3412
153,Anesthesia AIIMS 2019 (May & Nov),Anesthesia,AIIMS,AIIMS/INI-CET,2019,7,7,3411,3416,3402,3415
154,Anesthesia AIIMS 2020 (May & Nov INI-CET),Anesthesia,AIIMS,AIIMS/INI-CET,2020,8,8,3417,3425,3402,3421
155,Anesthesia NEET 2018,Anesthesia,NEET PG,NEET PG,2018,7,7,3426,3431,3402,3430
156,Anesthesia NEET 2019,Anesthesia,NEET PG,NEET PG,2019,6,6,3432,3436,3402,3436
157,Anesthesia NEET 2020,Anesthesia,NEET PG,NEET PG,2020,4,4,3437,3440,3402,3441
158,Anesthesia INI-CET 2021,Anesthesia,INI-CET,AIIMS/INI-CET,2021,14,14,3441,3459,3402,3445
159,Anesthesia NEET 2021,Anesthesia,NEET PG,NEET PG,2021,5,5,3460,3468,3402,3464
160,Anesthesia INI-CET 2022,Anesthesia,INI-CET,AIIMS/INI-CET,2022,4,4,3469,3472,3402,3473
161,Anesthesia NEET 2022,Anesthesia,NEET PG,NEET PG,2022,2,2,3473,3477,3402,3477
162,Anesthesia NEET 2023,Anesthesia,NEET PG,NEET PG,2023,3,3,3478,3482,3402,3482
163,Anesthesia INI-CET 2023,Anesthesia,INI-CET,AIIMS/INI-CET,2023,6,6,3483,3487,3402,3487
164,Anesthesia INI-CET 2024,Anesthesia,INI-CET,AIIMS/INI-CET,2024,12,12,3488,3500,3402,3492
165,Anesthesia NEET 2024,Anesthesia,NEET PG,NEET PG,2024,14,14,3501,3520,3402,3505
166,Dermatology AIIMS 2017,Dermatology,AIIMS,AIIMS/INI-CET,2017,9,9,3521,3535,3520,3524
167,Dermatology AIIMS 2018,Dermatology,AIIMS,AIIMS/INI-CET,2018,10,10,3536,3546,3520,3539
168,Dermatology AIIMS 2019 (May & Nov),Dermatology,AIIMS,AIIMS/INI-CET,2019,10,10,3547,3559,3520,3550
169,Dermatology AIIMS 2020 (May & Nov INI-CET),Dermatology,AIIMS,AIIMS/INI-CET,2020,12,12,3560,3573,3520,3563
170,Dermatology NEET 2018,Dermatology,NEET PG,NEET PG,2018,7,7,3574,3583,3520,3577
171,Dermatology NEET 2019,Dermatology,NEET PG,NEET PG,2019,8,8,3584,3598,3520,3587
172,Dermatology NEET 2020,Dermatology,NEET PG,NEET PG,2020,5,5,3599,3607,3520,3602
173,Dermatology INI-CET 2021,Dermatology,INI-CET,AIIMS/INI-CET,2021,13,13,3608,3635,3520,3611
174,Dermatology NEET 2021,Dermatology,NEET PG,NEET PG,2021,6,6,3636,3649,3520,3639
175,Dermatology INI-CET 2022,Dermatology,INI-CET,AIIMS/INI-CET,2022,16,16,3650,3674,3520,3653
176,Dermatology NEET 2022,Dermatology,NEET PG,NEET PG,2022,7,7,3675,3691,3520,3678
177,Dermatology NEET 2023,Dermatology,NEET PG,NEET PG,2023,4,4,3692,3697,3520,3695
178,Dermatology INI-CET 2023,Dermatology,INI-CET,AIIMS/INI-CET,2023,13,13,3698,3720,3520,3701
179,Dermatology INI-CET 2024,Dermatology,INI-CET,AIIMS/INI-CET,2024,7,7,3721,3730,3520,3724
180,Dermatology NEET 2024,Dermatology,NEET PG,NEET PG,2024,12,12,3731,3753,3520,3734
181,Psychiatry AIIMS 2017,Psychiatry,AIIMS,AIIMS/INI-CET,2017,9,9,3754,3763,3753,3756
182,Psychiatry AIIMS 2018,Psychiatry,AIIMS,AIIMS/INI-CET,2018,9,9,3764,3770,3753,3766
183,Psychiatry AIIMS 2019 (May & Nov),Psychiatry,AIIMS,AIIMS/INI-CET,2019,8,8,3771,3777,3753,3773
184,Psychiatry AIIMS 2020 (May & Nov INI-CET),Psychiatry,AIIMS,AIIMS/INI-CET,2020,13,13,3778,3789,3753,3780
185,Psychiatry NEET 2018,Psychiatry,NEET PG,NEET PG,2018,10,10,3790,3796,3753,3792
186,Psychiatry NEET 2019,Psychiatry,NEET PG,NEET PG,2019,7,7,3797,3802,3753,3799
187,Psychiatry NEET 2020,Psychiatry,NEET PG,NEET PG,2020,8,8,3803,3809,3753,3805
188,Psychiatry INI-CET 2021,Psychiatry,INI-CET,AIIMS/INI-CET,2021,7,7,3810,3818,3753,3812
189,Psychiatry NEET 2021,Psychiatry,NEET PG,NEET PG,2021,5,5,3819,3824,3753,3821
190,Psychiatry INI-CET 2022,Psychiatry,INI-CET,AIIMS/INI-CET,2022,11,11,3825,3836,3753,3827
191,Psychiatry NEET 2022,Psychiatry,NEET PG,NEET PG,2022,2,2,3837,3839,3753,3839
192,Psychiatry NEET 2023,Psychiatry,NEET PG,NEET PG,2023,5,5,3840,3845,3753,3842
193,Psychiatry INI-CET 2023,Psychiatry,INI-CET,AIIMS/INI-CET,2023,7,7,3846,3852,3753,3848
194,Psychiatry INI-CET 2024,Psychiatry,INI-CET,AIIMS/INI-CET,2024,5,5,3853,3857,3753,3855
195,Psychiatry NEET 2024,Psychiatry,NEET PG,NEET PG,2024,129,14,3858,4070,3753,3860
211,Medicine AIIMS 2017,Medicine,AIIMS,AIIMS/INI-CET,2017,44,44,4071,4113,4070,4071
212,Medicine AIIMS 2018,Medicine,AIIMS,AIIMS/INI-CET,2018,38,38,4114,4149,4070,4114
213,Medicine AIIMS 2019 (May & Nov),Medicine,AIIMS,AIIMS/INI-CET,2019,24,24,4150,4172,4070,4150
214,Medicine AIIMS 2020 (May & Nov INI-CET),Medicine,AIIMS,AIIMS/INI-CET,2020,31,31,4173,4205,4070,4173
215,Medicine NEET 2018,Medicine,NEET PG,NEET PG,2018,29,29,4206,4233,4070,4206
216,Medicine NEET 2019,Medicine,NEET PG,NEET PG,2019,25,25,4234,4260,4070,4234
217,Medicine NEET 2020,Medicine,NEET PG,NEET PG,2020,23,23,4261,4285,4070,4261
218,Medicine INI-CET 2021,Medicine,INI-CET,AIIMS/INI-CET,2021,28,28,4286,4317,4070,4286
219,Medicine NEET 2021,Medicine,NEET PG,NEET PG,2021,21,21,4318,4351,4070,4318
220,Medicine INI-CET 2022,Medicine,INI-CET,AIIMS/INI-CET,2022,62,62,4352,4421,4070,4352
221,Medicine NEET 2022,Medicine,NEET PG,NEET PG,2022,23,23,4422,4456,4070,4422
222,Medicine NEET 2023,Medicine,NEET PG,NEET PG,2023,17,17,4457,4487,4070,4457
223,Medicine INI-CET 2023,Medicine,INI-CET,AIIMS/INI-CET,2023,38,38,4488,4531,4070,4488
224,Medicine INI-CET 2024,Medicine,INI-CET,AIIMS/INI-CET,2024,44,44,4532,4575,4070,4532
225,Medicine NEET 2024,Medicine,NEET PG,NEET PG,2024,41,41,4576,4639,4070,4576
226,Surgery AIIMS 2017,Surgery,AIIMS,AIIMS/INI-CET,2017,30,30,4640,4674,4639,4639
227,Surgery AIIMS 2018,Surgery,AIIMS,AIIMS/INI-CET,2018,20,20,4675,4696,4639,4674
228,Surgery AIIMS 2019 (May & Nov),Surgery,AIIMS,AIIMS/INI-CET,2019,33,33,4697,4730,4639,4696
229,Surgery AIIMS 2020 (May & Nov INI-CET),Surgery,AIIMS,AIIMS/INI-CET,2020,41,41,4731,4779,4639,4730
230,Surgery NEET 2018,Surgery,NEET PG,NEET PG,2018,26,26,4780,4810,4639,4779
231,Surgery NEET 2019,Surgery,NEET PG,NEET PG,2019,22,22,4811,4835,4639,4810
232,Surgery NEET 2020,Surgery,NEET PG,NEET PG,2020,26,26,4836,4865,4639,4835
233,Surgery INI-CET 2021,Surgery,INI-CET,AIIMS/INI-CET,2021,29,29,4866,4907,4639,4865
234,Surgery NEET 2021,Surgery,NEET PG,NEET PG,2021,18,18,4908,4937,4639,4907
235,Surgery INI-CET 2022,Surgery,INI-CET,AIIMS/INI-CET,2022,48,48,4938,4994,4639,4937
236,Surgery NEET 2022,Surgery,NEET PG,NEET PG,2022,25,25,4995,5034,4639,4994
237,Surgery NEET 2023,Surgery,NEET PG,NEET PG,2023,27,27,5035,5073,4639,5034
238,Surgery INI-CET 2023,Surgery,INI-CET,AIIMS/INI-CET,2023,30,30,5074,5111,4639,5073
239,Surgery INI-CET 2024,Surgery,INI-CET,AIIMS/INI-CET,2024,33,33,5112,5126,4639,5111
241,Orthopedics AIIMS 2017,Orthopedics,AIIMS,AIIMS/INI-CET,2017,20,20,5127,5151,5126,5215
242,Orthopedics AIIMS 2018,Orthopedics,AIIMS,AIIMS/INI-CET,2018,12,12,5152,5167,5126,5240
243,Orthopedics AIIMS 2019 (May & Nov),Orthopedics,AIIMS,AIIMS/INI-CET,2019,15,15,5168,5188,5126,5256
244,Orthopedics AIIMS 2020 (May & Nov INI-CET),Orthopedics,AIIMS,AIIMS/INI-CET,2020,15,15,5189,5208,5126,5277
245,Orthopedics NEET 2018,Orthopedics,NEET PG,NEET PG,2018,10,10,5209,5220,5126,5297
246,Orthopedics NEET 2019,Orthopedics,NEET PG,NEET PG,2019,9,9,5221,5240,5126,5309
247,Orthopedics NEET 2020,Orthopedics,NEET PG,NEET PG,2020,6,6,5241,5252,5126,5329
248,Orthopedics INI-CET 2021,Orthopedics,INI-CET,AIIMS/INI-CET,2021,14,14,5253,5276,5126,5341
249,Orthopedics NEET 2021,Orthopedics,NEET PG,NEET PG,2021,6,6,5277,5291,5126,5365
250,Orthopedics INI-CET 2022,Orthopedics,INI-CET,AIIMS/INI-CET,2022,17,17,5292,5321,5126,5380
251,Orthopedics NEET 2022,Orthopedics,NEET PG,NEET PG,2022,7,7,5322,5338,5126,5410
252,Orthopedics NEET 2023,Orthopedics,NEET PG,NEET PG,2023,6,6,5339,5352,5126,5427
253,Orthopedics INI-CET 2023,Orthopedics,INI-CET,AIIMS/INI-CET,2023,11,11,5353,5368,5126,5441
254,Orthopedics INI-CET 2024,Orthopedics,INI-CET,AIIMS/INI-CET,2024,11,11,5369,5380,5126,5457
255,Orthopedics NEET 2024,Orthopedics,NEET PG,NEET PG,2024,16,16,5381,5410,5126,5469
256,Paediatrics AIIMS 2017,Pediatrics,AIIMS,AIIMS/INI-CET,2017,13,13,5411,5427,5410,5498
257,Paediatrics AIIMS 2018,Pediatrics,AIIMS,AIIMS/INI-CET,2018,16,16,5428,5447,5410,5515
258,Paediatrics AIIMS 2019 (May & Nov),Pediatrics,AIIMS,AIIMS/INI-CET,2019,13,13,5448,5465,5410,5535
259,Paediatrics AIIMS 2020 (May & Nov INI-CET),Pediatrics,AIIMS,AIIMS/INI-CET,2020,13,13,5466,5479,5410,5553
260,Paediatrics NEET 2018,Pediatrics,NEET PG,NEET PG,2018,13,13,5480,5495,5410,5567
261,Paediatrics NEET 2019,Pediatrics,NEET PG,NEET PG,2019,17,17,5496,5514,5410,5583
262,Paediatrics NEET 2020,Pediatrics,NEET PG,NEET PG,2020,10,10,5515,5525,5410,5602
263,Paediatrics INI-CET 2021,Pediatrics,INI-CET,AIIMS/INI-CET,2021,11,11,5526,5541,5410,5613
264,Paediatrics NEET 2021,Pediatrics,NEET PG,NEET PG,2021,8,8,5542,5557,5410,5629
265,Paediatrics INI-CET 2022,Pediatrics,INI-CET,AIIMS/INI-CET,2022,23,23,5558,5584,5410,5645
266,Paediatrics NEET 2022,Pediatrics,NEET PG,NEET PG,2022,14,14,5585,5612,5410,5672
267,Paediatrics NEET 2023,Pediatrics,NEET PG,NEET PG,2023,10,10,5613,5626,5410,5700
268,Paediatrics INI-CET 2023,Pediatrics,INI-CET,AIIMS/INI-CET,2023,17,17,5627,5647,5410,5714
269,Paediatrics INI-CET 2024,Pediatrics,INI-CET,AIIMS/INI-CET,2024,25,25,5648,5672,5410,5735
270,Paediatrics NEET 2024,Pediatrics,NEET PG,NEET PG,2024,8,8,5673,5689,5410,5760
271,Obstetrics and Gynecology AIIMS 2017,Obstetrics & Gynecology,AIIMS,AIIMS/INI-CET,2017,0,0,5690,5689,5689,5776
274,Obstetrics and Gynecology AIIMS 2020 (May & Nov INI-CET),Obstetrics & Gynecology,AIIMS,AIIMS/INI-CET,2020,35,35,5690,5727,5689,5875
272,Obstetrics and Gynecology AIIMS 2018,Obstetrics & Gynecology,AIIMS,AIIMS/INI-CET,2018,35,35,5728,5765,5689,5814
273,Obstetrics and Gynecology AIIMS 2019 (May & Nov),Obstetrics & Gynecology,AIIMS,AIIMS/INI-CET,2019,41,23,5766,5813,5689,5852
275,Obstetrics and Gynecology NEET 2018,Obstetrics & Gynecology,NEET PG,NEET PG,2018,25,25,5814,5840,5689,5900
276,Obstetrics and Gynecology NEET 2019,Obstetrics & Gynecology,NEET PG,NEET PG,2019,26,26,5841,5865,5689,5927
277,Obstetrics and Gynecology NEET 2020,Obstetrics & Gynecology,NEET PG,NEET PG,2020,28,28,5866,5896,5689,5952
278,Obstetrics and Gynecology INICET 2021,Obstetrics & Gynecology,INI-CET,AIIMS/INI-CET,2021,42,42,5897,5960,5689,5983
279,Obstetrics & Gynecology NEET 2021,Obstetrics & Gynecology,NEET PG,NEET PG,2021,19,19,5961,5986,5689,6047
280,Obstetrics and Gynecology INICET 2022,Obstetrics & Gynecology,INI-CET,AIIMS/INI-CET,2022,52,52,5987,6046,5689,6073
281,Obstetrics and Gynecology NEET 2022,Obstetrics & Gynecology,NEET PG,NEET PG,2022,25,25,6047,6079,5689,6133
282,Obstetrics and Gynecology NEET 2023,Obstetrics & Gynecology,NEET PG,NEET PG,2023,18,18,6080,6104,5689,6166
283,Obstetrics and Gynecology INI-CET 2023,Obstetrics & Gynecology,INI-CET,AIIMS/INI-CET,2023,28,28,6105,6138,5689,6191
284,Obstetrics and Gynecology INI-CET 2024,Obstetrics & Gynecology,INI-CET,AIIMS/INI-CET,2024,29,29,6139,6175,5689,6225
285,Obstetrics and Gynecology NEET 2024,Obstetrics & Gynecology,NEET PG,NEET PG,2024,45,45,6176,6236,5689,6262
240,Surgery NEET 2024,Surgery,NEET PG,NEET PG,2024,0,,,,4639,5146
