status,subjectId,questionId,questionNumber,imageSlot,sourceUrl,targetUrl,note
done,anatomy,aiims-2017-anatomy-q001,1,1,/uploads/medicomm-atlas-aiims-2017-anatomy-q001.png,/uploads/medicomm-atlas-aiims-2017-anatomy-q001.png,"Medicomm atlas-style educational schematic generated from the original PDF image; black background, Roman numeral markers, source anatomy preserved."
done,anatomy,aiims-2017-anatomy-q002,2,1,/uploads/yellowfool-aiims-2017-anatomy-q002-p3-i1.jpg,/uploads/medicomm-atlas-aiims-2017-anatomy-q002.png,converted; arrow preserved; original source recorded in sourceImageUrls
done,anatomy,aiims-2017-anatomy-q003,3,1,/uploads/yellowfool-aiims-2017-anatomy-q003-p3-i2.jpg,/uploads/medicomm-atlas-aiims-2017-anatomy-q003.png,converted; arrows preserved; original source recorded in sourceImageUrls
done,anatomy,aiims-2017-anatomy-q004,4,1,/uploads/yellowfool-aiims-2017-anatomy-q004-p4-i1.jpg,/uploads/medicomm-atlas-aiims-2017-anatomy-q004.png,"Medicomm atlas-style educational schematic generated from the original source image; black background, letter labels and pointer lines preserved, source anatomy preserved."
done,anatomy,aiims-2017-anatomy-q005,5,1,/uploads/yellowfool-aiims-2017-anatomy-q005-p5-i1.jpg,/uploads/medicomm-atlas-aiims-2017-anatomy-q005.png,"Medicomm atlas-style educational schematic generated from the original source image; black background, original markers preserved, source anatomy preserved."
done,anatomy,aiims-2017-anatomy-q006,6,1,/uploads/yellowfool-aiims-2017-anatomy-q006-p5-i2.jpg,/uploads/medicomm-atlas-aiims-2017-anatomy-q006.png,"Medicomm atlas-style educational schematic generated from the original source image; black background, letter labels and pointer lines preserved, source anatomy preserved."
done,anatomy,aiims-2017-anatomy-q007,7,1,/uploads/yellowfool-aiims-2017-anatomy-q007-p6-i1.jpg,/uploads/medicomm-atlas-aiims-2017-anatomy-q007.png,"Medicomm atlas-style educational schematic generated from the original source image; black background, arrow preserved, source anatomy preserved."
done,anatomy,aiims-2017-anatomy-q009,9,1,/uploads/yellowfool-aiims-2017-anatomy-q009-p7-i1.jpg,/uploads/medicomm-atlas-aiims-2017-anatomy-q009.png,"Medicomm atlas-style educational schematic generated from the original source image; black background, label and arrow preserved, source anatomy preserved."
done,anatomy,aiims-2017-anatomy-q013,13,1,/uploads/yellowfool-aiims-2017-anatomy-q013-p8-i1.jpg,/uploads/medicomm-atlas-aiims-2017-anatomy-q013.png,"Medicomm atlas-style educational histology plate generated from the original source image; black background, letter labels preserved, source histology preserved."
done,anatomy,aiims-2017-anatomy-q014,14,1,/uploads/yellowfool-aiims-2017-anatomy-q014-p9-i1.jpg,/uploads/medicomm-atlas-aiims-2017-anatomy-q014.png,"Medicomm atlas-style educational specimen image generated from the original source image; black background, letter labels and arrows preserved, source anatomy preserved."
done,anatomy,aiims-2017-anatomy-q017,17,1,/uploads/yellowfool-aiims-2017-anatomy-q017-p10-i2.jpg,/uploads/medicomm-atlas-aiims-2017-anatomy-q017.png,"Medicomm atlas-style educational schematic generated from the original source image; black background, letter labels and pointer lines preserved, source anatomy preserved."
done,anatomy,aiims-2017-anatomy-q018,18,1,/uploads/yellowfool-aiims-2017-anatomy-q018-p11-i1.jpg,/uploads/medicomm-atlas-aiims-2017-anatomy-q018.png,"Medicomm atlas-style educational histology image generated from the original source image; black background, arrow preserved, source histology preserved."
done,anatomy,aiims-2017-anatomy-q019,19,1,/uploads/yellowfool-aiims-2017-anatomy-q019-p12-i1.jpg,/uploads/medicomm-atlas-aiims-2017-anatomy-q019.png,"Medicomm atlas-style educational schematic generated from the original source image; black background, numbered markers converted to Roman numerals, source anatomy preserved."
done,anatomy,aiims-2017-anatomy-q020,20,1,/uploads/yellowfool-aiims-2017-anatomy-q020-p12-i2.jpg,/uploads/medicomm-atlas-aiims-2017-anatomy-q020.png,"Medicomm atlas-style educational schematic generated from the original source image; black background, letter labels and pointer lines preserved, source anatomy preserved."
done,anatomy,aiims-2017-anatomy-q021,21,1,/uploads/yellowfool-aiims-2017-anatomy-q021-p13-i1.jpg,/uploads/medicomm-atlas-aiims-2017-anatomy-q021.png,"Medicomm atlas-style educational schematic generated from the original source image; black background, letter labels and pointer lines preserved, source anatomy preserved."
done,anatomy,aiims-2017-anatomy-q022,22,1,/uploads/yellowfool-aiims-2017-anatomy-q022-p14-i1.jpg,/uploads/medicomm-atlas-aiims-2017-anatomy-q022.png,"Medicomm atlas-style educational schematic generated from the original source image; black background, letter labels and pointer lines preserved, source anatomy preserved."
done,anatomy,aiims-2018-anatomy-q001,1,1,/uploads/yellowfool-aiims-2018-anatomy-q001-p31-i1.jpg,/uploads/medicomm-atlas-aiims-2018-anatomy-q001.png,"Medicomm atlas-style educational image reused from an identical converted source image; black background, original markers preserved, source anatomy preserved."
done,anatomy,aiims-2018-anatomy-q005,5,1,/uploads/yellowfool-aiims-2018-anatomy-q005-p32-i1.jpg,/uploads/medicomm-atlas-aiims-2018-anatomy-q005.png,"Medicomm atlas-style educational schematic generated from the original source image; black background, letter labels preserved, source anatomy preserved."
done,anatomy,aiims-2018-anatomy-q009,9,1,/uploads/yellowfool-aiims-2018-anatomy-q009-p34-i1.jpg,/uploads/medicomm-atlas-aiims-2018-anatomy-q009.png,"Medicomm atlas-style educational schematic generated from the original source image; black background, arrow preserved, source anatomy preserved."
done,anatomy,aiims-2018-anatomy-q014,14,1,/uploads/yellowfool-aiims-2018-anatomy-q014-p35-i1.jpg,/uploads/medicomm-atlas-aiims-2018-anatomy-q014.png,"Medicomm atlas-style educational image reused from an identical converted source image; black background, arrow preserved, source anatomy preserved."
done,anatomy,aiims-2018-anatomy-q016,16,1,/uploads/yellowfool-aiims-2018-anatomy-q016-p36-i1.jpg,/uploads/medicomm-atlas-aiims-2018-anatomy-q016.png,"Medicomm atlas-style educational schematic generated from the original source image; black background, question marker and pointer line preserved, source anatomy preserved."
done,anatomy,neet-pg-2018-anatomy-q001,1,1,/uploads/yellowfool-neet-pg-2018-anatomy-q001-p112-i1.jpg,/uploads/medicomm-atlas-neet-pg-2018-anatomy-q001.png,"Medicomm atlas-style educational schematic generated from the original source image; black background, letter labels and arrows preserved, source anatomy preserved."
done,anatomy,neet-pg-2018-anatomy-q009,9,1,/uploads/yellowfool-neet-pg-2018-anatomy-q009-p114-i1.jpg,/uploads/medicomm-atlas-neet-pg-2018-anatomy-q009.png,"Medicomm atlas-style educational dissection generated from the original source image; pure black background, letter labels and pointer lines preserved, source anatomy preserved."
done,anatomy,aiims-2019-anatomy-q001,1,1,/uploads/yellowfool-aiims-2019-anatomy-q001-p53-i1.jpg,/uploads/medicomm-atlas-aiims-2019-anatomy-q001.png,"Medicomm atlas-style surface anatomy image generated from the original source image; black background, no labels added, source relationship preserved."
done,anatomy,aiims-2019-anatomy-q002,2,1,/uploads/yellowfool-aiims-2019-anatomy-q002-p54-i1.jpg,/uploads/medicomm-atlas-aiims-2019-anatomy-q002.png,"Medicomm atlas-style educational femur illustration generated from the original source image; black background, pointer line preserved, source anatomy preserved."
done,anatomy,aiims-2019-anatomy-q005,5,1,/uploads/yellowfool-aiims-2019-anatomy-q005-p55-i1.jpg,/uploads/medicomm-atlas-aiims-2019-anatomy-q005.png,"Medicomm atlas-style educational cranial-base specimen generated from the original source image; black background, marker and inset preserved, source anatomy preserved."
done,anatomy,aiims-2019-anatomy-q007,7,1,/uploads/yellowfool-aiims-2019-anatomy-q007-p56-i1.jpg,/uploads/medicomm-atlas-aiims-2019-anatomy-q007.png,"Medicomm atlas-style educational heart-section illustration generated from the original source image; black background, letter labels and pointer lines preserved, source anatomy preserved."
done,anatomy,aiims-2019-anatomy-q008,8,1,/uploads/yellowfool-aiims-2019-anatomy-q008-p56-i2.jpg,/uploads/medicomm-atlas-aiims-2019-anatomy-q008.png,"Medicomm atlas-style educational ventral brainstem dissection generated from the original source image; black background, question marker and pointer endpoint preserved, source neuroanatomy preserved."
done,anatomy,aiims-2019-anatomy-q009,9,1,/uploads/yellowfool-aiims-2019-anatomy-q009-p57-i1.jpg,/uploads/medicomm-atlas-aiims-2019-anatomy-q009.png,"Medicomm atlas-style educational palmar dissection generated from the original source image; black background, question marker, pointer endpoint, and transverse probe preserved, source anatomy preserved."
done,anatomy,aiims-2019-anatomy-q010,10,1,/uploads/yellowfool-aiims-2019-anatomy-q010-p58-i1.jpg,/uploads/medicomm-atlas-aiims-2019-anatomy-q010.png,"Medicomm atlas-style educational upper-limb illustration generated from the original source image; black background, question marker, pointer endpoint, and teaching probes preserved, source anatomical relationships preserved."
done,anatomy,aiims-2019-anatomy-q011,11,1,/uploads/yellowfool-aiims-2019-anatomy-q011-p58-i2.jpg,/uploads/medicomm-atlas-aiims-2019-anatomy-q011.png,Medicomm atlas-style educational pelvis illustration generated from the original source image; black background and bilateral red highlights preserved.
done,anatomy,aiims-2019-anatomy-q012,12,1,/uploads/yellowfool-aiims-2019-anatomy-q012-p59-i1.jpg,/uploads/medicomm-atlas-aiims-2019-anatomy-q012.png,"Medicomm atlas-style educational palmar dissection generated from the original source image; black background, question marker, pointer endpoint, and probes preserved."
done,anatomy,aiims-2019-anatomy-q014,14,1,/uploads/yellowfool-aiims-2019-anatomy-q014-p60-i1.jpg,/uploads/medicomm-atlas-aiims-2019-anatomy-q014.png,"Medicomm atlas-style educational upper-limb illustration generated from the original source image; black background, A marker, pointer endpoint, and probes preserved."
done,anatomy,aiims-2019-anatomy-q015,15,1,/uploads/yellowfool-aiims-2019-anatomy-q015-p60-i2.jpg,/uploads/medicomm-atlas-aiims-2019-anatomy-q015.png,Medicomm atlas-style educational left-kidney specimen generated from the original source image; black background and arrow endpoint preserved.
done,anatomy,aiims-2019-anatomy-q016,16,1,/uploads/yellowfool-aiims-2019-anatomy-q016-p61-i1.jpg,/uploads/medicomm-atlas-aiims-2019-anatomy-q016.png,"Medicomm atlas-style educational midsagittal brain specimen generated from the original source image; black background, arrow direction, and endpoint preserved."
done,anatomy,aiims-2019-anatomy-q017,17,1,/uploads/yellowfool-aiims-2019-anatomy-q017-p62-i1.jpg,/uploads/medicomm-atlas-aiims-2019-anatomy-q017.png,"Medicomm atlas-style educational heart cross-section generated from the original source image; black background, A marker, and pointer endpoint preserved."
done,anatomy,aiims-2019-anatomy-q018,18,1,/uploads/yellowfool-aiims-2019-anatomy-q018-p62-i2.jpg,/uploads/medicomm-atlas-aiims-2019-anatomy-q018.png,Medicomm atlas-style educational external-heart specimen generated from the original source image; black background and arrow endpoint preserved.
done,anatomy,aiims-2019-anatomy-q019,19,1,/uploads/yellowfool-aiims-2019-anatomy-q019-p63-i1.jpg,/uploads/medicomm-atlas-aiims-2019-anatomy-q019.png,"Medicomm atlas-style educational coronal head-and-orbit section generated from the original source image; black background, question marker, and pointer endpoint preserved."
done,anatomy,neet-pg-2019-anatomy-q004,4,1,/uploads/yellowfool-neet-pg-2019-anatomy-q004-p126-i1.jpg,/uploads/medicomm-atlas-neet-pg-2019-anatomy-q004.png,Medicomm atlas-style educational horizontal cerebral section generated from the original source image; black background and pointer endpoint preserved.
done,anatomy,neet-pg-2019-anatomy-q005,5,1,/uploads/yellowfool-neet-pg-2019-anatomy-q005-p126-i2.jp2,/uploads/medicomm-atlas-neet-pg-2019-anatomy-q005.png,Medicomm atlas-style educational mandible illustration generated from the original source image; black background and red mandibular-foramen highlight preserved.
done,anatomy,neet-pg-2019-anatomy-q007,7,1,/uploads/yellowfool-neet-pg-2019-anatomy-q007-p127-i1.jpg,/uploads/medicomm-atlas-neet-pg-2019-anatomy-q007.png,"Medicomm atlas-style educational dermatome diagram generated from the original source image; black background, highlighted band, question marker, and pointer endpoint preserved."
done,anatomy,neet-pg-2019-anatomy-q008,8,1,/uploads/yellowfool-neet-pg-2019-anatomy-q008-p128-i1.jpg,/uploads/medicomm-atlas-neet-pg-2019-anatomy-q008.png,"Medicomm atlas-style educational posterolateral forearm illustration generated from the original source image; black background, question marker, and pointer endpoint preserved."
done,anatomy,neet-pg-2019-anatomy-q009,9,1,/uploads/yellowfool-neet-pg-2019-anatomy-q009-p128-i2.jpg,/uploads/medicomm-atlas-neet-pg-2019-anatomy-q009.png,"Medicomm atlas-style educational palmar intrinsic-muscle illustration generated from the original source image; black background, original orientation, question marker, and pointer endpoint preserved."
done,anatomy,neet-pg-2019-anatomy-q010,10,1,/uploads/yellowfool-neet-pg-2019-anatomy-q010-p129-i1.jpg,/uploads/medicomm-atlas-neet-pg-2019-anatomy-q010.png,"Medicomm atlas-style educational cutaneous-innervation map generated from the original source image; black background, distribution territories, and pointer endpoint preserved."
done,anatomy,neet-pg-2019-anatomy-q017,17,1,/uploads/yellowfool-neet-pg-2019-anatomy-q017-p131-i1.jpg,/uploads/medicomm-atlas-neet-pg-2019-anatomy-q017.png,"Medicomm atlas-style educational midsagittal brain diagram generated from the original source image; black background, labels A-D, and marker locations preserved."
done,anatomy,aiims-2020-anatomy-q001,1,1,/uploads/yellowfool-aiims-2020-anatomy-q001-p81-i1.jp2,/uploads/medicomm-atlas-aiims-2020-anatomy-q001.png,"Medicomm atlas-style educational cardiac-embryology model generated from the original source image; black background, A marker, colored regions, and rotation arrows preserved."
done,anatomy,aiims-2020-anatomy-q002,2,1,/uploads/yellowfool-aiims-2020-anatomy-q002-p82-i1.jpg,/uploads/medicomm-atlas-aiims-2020-anatomy-q002.png,Medicomm atlas-style educational posterior femur illustration generated from the original source image; black background and blue attachment highlight preserved.
done,anatomy,aiims-2020-anatomy-q003,3,1,/uploads/yellowfool-aiims-2020-anatomy-q003-p82-i2.jpg,/uploads/medicomm-atlas-aiims-2020-anatomy-q003.png,"Medicomm atlas-style educational coronal brain specimen generated from the original source image; black background, orientation inset, A marker, and endpoint preserved."
done,anatomy,aiims-2020-anatomy-q004,4,1,/uploads/yellowfool-aiims-2020-anatomy-q004-p83-i1.jp2,/uploads/medicomm-atlas-aiims-2020-anatomy-q004.png,"Medicomm atlas-style educational lateral skull illustration generated from the original source image; black background, pterion oval, and arrow endpoint preserved."
done,anatomy,aiims-2020-anatomy-q012,12,1,/uploads/yellowfool-aiims-2020-anatomy-q012-p85-i1.jpg,/uploads/medicomm-atlas-aiims-2020-anatomy-q012.png,"Medicomm atlas-style educational anterior neck illustration generated from the original source image; black background, Thyroid Gland text, labels A-D, and pointer endpoints preserved."
done,anatomy,aiims-2020-anatomy-q013,13,1,/uploads/yellowfool-aiims-2020-anatomy-q013-p86-i1.jpg,/uploads/medicomm-atlas-aiims-2020-anatomy-q013.png,"Medicomm atlas-style educational palmar hand illustration generated from the original source image; pure black background, first-metacarpal red insertion highlight, laterality, and red arrow preserved."
done,anatomy,aiims-2020-anatomy-q014,14,1,/uploads/yellowfool-aiims-2020-anatomy-q014-p87-i1.jpg,/uploads/medicomm-atlas-aiims-2020-anatomy-q014.png,"Medicomm atlas-style educational sphenoid-bone illustration generated from the recorded original source image; pure black background, anterior orientation, foramina, and right-sided red pointer endpoint preserved; source scan/question mismatch retained for audit."
done,anatomy,aiims-2020-anatomy-q018,18,1,/uploads/yellowfool-aiims-2020-anatomy-q018-p88-i1.jpg,/uploads/medicomm-atlas-aiims-2020-anatomy-q018.png,"Medicomm atlas-style educational epithelial histology plate generated from the original source image; black background, oblique tissue orientation, apical projections, and blue arrow endpoint preserved."
done,anatomy,aiims-2020-anatomy-q019,19,1,/uploads/yellowfool-aiims-2020-anatomy-q019-p89-i1.jp2,/uploads/medicomm-atlas-aiims-2020-anatomy-q019.png,"Medicomm atlas-style lateral skull illustration generated from the original source image; pure black background, left-facing orientation, cyan pterion ring, and pointer endpoint preserved."
done,anatomy,aiims-2020-anatomy-q020,20,1,/uploads/yellowfool-aiims-2020-anatomy-q020-p89-i2.jpg,/uploads/medicomm-atlas-aiims-2020-anatomy-q020.png,"Medicomm atlas-style inferior cranial-base illustration generated from the original source image; pure black background, cranial nerves and four ordered Roman-numeral marker endpoints preserved."
done,anatomy,aiims-2020-anatomy-q022,22,1,/uploads/yellowfool-aiims-2020-anatomy-q022-p90-i1.jpg,/uploads/medicomm-atlas-aiims-2020-anatomy-q022.png,"Medicomm atlas-style posterior proximal femur illustration generated from the original source image; pure black background, right-femur orientation and gluteal-tuberosity arrow endpoint preserved."
done,anatomy,aiims-2020-anatomy-q023,23,1,/uploads/yellowfool-aiims-2020-anatomy-q023-p91-i1.jpg,/uploads/medicomm-atlas-aiims-2020-anatomy-q023.png,"Medicomm atlas-style T3-T4 axial thoracic section generated from the original source image; pure black background, axial orientation and mediastinal vascular lumen pattern preserved."
done,anatomy,neet-pg-2020-anatomy-q002,2,1,/uploads/yellowfool-neet-pg-2020-anatomy-q002-p142-i1.jpg,/uploads/medicomm-atlas-neet-pg-2020-anatomy-q002.png,"Medicomm atlas-style cerebellar histology plate generated from the original source image; black background, cortical layers, Purkinje-cell row, and pointer endpoint preserved."
done,anatomy,neet-pg-2020-anatomy-q011,11,1,/uploads/yellowfool-neet-pg-2020-anatomy-q011-p145-i1.jpg,/uploads/medicomm-atlas-neet-pg-2020-anatomy-q011.png,"Medicomm atlas-style posterior back-muscle illustration generated from the original source image; pure black background, asymmetric dissection, levator scapulae, question marker, and pointer endpoint preserved."
done,anatomy,neet-pg-2020-anatomy-q014,14,1,/uploads/yellowfool-neet-pg-2020-anatomy-q014-p146-i1.jpg,/uploads/medicomm-atlas-neet-pg-2020-anatomy-q014.png,"Medicomm atlas-style superior thoracic vertebra illustration generated from the original source image; pure black background, paired ribs, question marker, and bilateral costotransverse bracket endpoints preserved."
done,anatomy,neet-pg-2020-anatomy-q015,15,1,/uploads/yellowfool-neet-pg-2020-anatomy-q015-p147-i1.jp2,/uploads/medicomm-atlas-neet-pg-2020-anatomy-q015.png,"Medicomm atlas-style non-graphic clinical Popeye-sign image generated from the original source image; pure black background, flexed-arm pose, laterality, and distal biceps bulge preserved."
done,anatomy,neet-pg-2020-anatomy-q017,17,1,/uploads/yellowfool-neet-pg-2020-anatomy-q017-p148-i1.jpg,/uploads/medicomm-atlas-neet-pg-2020-anatomy-q017.png,"Medicomm atlas-style elastic-cartilage histology plate generated from the original source image; black background, perichondrium, chondrocyte lacunae, and elastic-fiber matrix preserved."
done,anatomy,ini-cet-2021-anatomy-q001,1,1,/uploads/yellowfool-ini-cet-2021-anatomy-q001-p161-i1.jpg,/uploads/medicomm-atlas-ini-cet-2021-anatomy-q001.png,"Medicomm atlas-style lateral infant-skull illustration generated from the original source image; pure black background, pediatric proportions, open anterior fontanelle, and blue arrow endpoint preserved."
done,anatomy,ini-cet-2021-anatomy-q002,2,1,/uploads/yellowfool-ini-cet-2021-anatomy-q002-p162-i1.jpg,/uploads/medicomm-atlas-ini-cet-2021-anatomy-q002.png,"Medicomm atlas-style non-graphic sagittal head-and-neck cutaway generated from the original source image; pure black background, tonsillar fossa and pointer endpoint preserved."
done,anatomy,ini-cet-2021-anatomy-q003,3,1,/uploads/yellowfool-ini-cet-2021-anatomy-q003-p162-i2.jpg,/uploads/medicomm-atlas-ini-cet-2021-anatomy-q003.png,"Medicomm atlas-style axial orbital CT plate generated from the original source image; black background, scan orientation and bilateral medial-rectus arrow endpoints preserved."
done,anatomy,ini-cet-2021-anatomy-q005,5,1,/uploads/yellowfool-ini-cet-2021-anatomy-q005-p163-i1.jpg,/uploads/medicomm-atlas-ini-cet-2021-anatomy-q005.png,"Medicomm atlas-style brainstem-cerebellum illustration generated from the original source image; pure black background, question marker and superior-cerebellar-peduncle endpoint preserved."
done,anatomy,ini-cet-2021-anatomy-q006,6,1,/uploads/yellowfool-ini-cet-2021-anatomy-q006-p164-i1.jpg,/uploads/medicomm-atlas-ini-cet-2021-anatomy-q006.png,"Medicomm atlas-style coronal brain section generated from the original source image; pure black background, Roman markers I-IV and endpoints for caudate, thalamus, substantia nigra and pons preserved."
done,anatomy,ini-cet-2021-anatomy-q007,7,1,/uploads/yellowfool-ini-cet-2021-anatomy-q007-p165-i1.jpg,/uploads/medicomm-atlas-ini-cet-2021-anatomy-q007.png,"Medicomm atlas-style humerus illustration generated from the original source image; pure black background, orientation, Roman markers I-IV and original landmark endpoints preserved."
done,anatomy,ini-cet-2021-anatomy-q008,8,1,/uploads/yellowfool-ini-cet-2021-anatomy-q008-p165-i2.jpg,/uploads/medicomm-atlas-ini-cet-2021-anatomy-q008.png,"Medicomm atlas-style pharyngeal-apparatus embryology diagram generated from the original source image; pure black background, bilateral relationships and Roman pouch markers preserved."
done,anatomy,ini-cet-2021-anatomy-q010,10,1,/uploads/yellowfool-ini-cet-2021-anatomy-q010-p167-i1.jpg,/uploads/medicomm-atlas-ini-cet-2021-anatomy-q010.png,"Medicomm atlas-style parasagittal abdominal illustration generated from the original source image; pure black background, peritoneal relationships, question marker and epiploic-foramen endpoint preserved."
done,anatomy,ini-cet-2021-anatomy-q011,11,1,/uploads/yellowfool-ini-cet-2021-anatomy-q011-p167-i2.jpg,/uploads/medicomm-atlas-ini-cet-2021-anatomy-q011.png,"Medicomm atlas-style internal cranial-base illustration generated from the original source image; pure black background, foramina, Roman markers I-IV and cribriform-plate endpoint preserved."
done,anatomy,ini-cet-2021-anatomy-q012,12,1,/uploads/yellowfool-ini-cet-2021-anatomy-q012-p168-i1.jpg,/uploads/medicomm-atlas-ini-cet-2021-anatomy-q012.png,"Medicomm atlas-style non-graphic gluteal-region dissection generated from the original source image; pure black background, probes, muscle and nerve relationships, Roman markers and gluteus-medius endpoint preserved."
done,anatomy,ini-cet-2021-anatomy-q013,13,1,/uploads/yellowfool-ini-cet-2021-anatomy-q013-p169-i1.jpg,/uploads/medicomm-atlas-ini-cet-2021-anatomy-q013.png,"Medicomm atlas-style non-graphic sagittal head-and-neck cutaway generated from the original source image; pure black background, Roman markers I-IV and soft-palate/uvular endpoint preserved."
done,anatomy,ini-cet-2021-anatomy-q014,14,1,/uploads/yellowfool-ini-cet-2021-anatomy-q014-p169-i2.jpg,/uploads/medicomm-atlas-ini-cet-2021-anatomy-q014.png,"Medicomm atlas-style midsagittal brain specimen generated from the original source image; pure black background, mammillary-body arrow direction and endpoint preserved."
done,anatomy,ini-cet-2021-anatomy-q015,15,1,/uploads/yellowfool-ini-cet-2021-anatomy-q015-p170-i1.jpg,/uploads/medicomm-atlas-ini-cet-2021-anatomy-q015.png,"Medicomm atlas-style cerebellar histology plate generated from the original source image; black microscope background, Purkinje-cell pointer endpoint preserved."
done,anatomy,ini-cet-2021-anatomy-q016,16,1,/uploads/yellowfool-ini-cet-2021-anatomy-q016-p171-i1.jpg,/uploads/medicomm-atlas-ini-cet-2021-anatomy-q016.png,"Medicomm atlas-style anterior thoracic venous-system illustration generated from the original source image; pure black background, azygos-vein arrow direction and endpoint preserved."
done,anatomy,ini-cet-2021-anatomy-q018,18,1,/uploads/yellowfool-ini-cet-2021-anatomy-q018-p172-i1.jpg,/uploads/medicomm-atlas-ini-cet-2021-anatomy-q018.png,"Medicomm atlas-style scapula illustration generated from the original source image; pure black background, Roman markers I-IV and original pointer endpoints preserved."
done,anatomy,ini-cet-2021-anatomy-q019,19,1,/uploads/yellowfool-ini-cet-2021-anatomy-q019-p172-i2.jpg,/uploads/medicomm-atlas-ini-cet-2021-anatomy-q019.png,"Medicomm atlas-style non-graphic pelvic-floor schematic generated from the original source image; pure black background, Roman markers I-IV and original pelvic-diaphragm endpoint preserved."
done,anatomy,ini-cet-2021-anatomy-q020,20,1,/uploads/yellowfool-ini-cet-2021-anatomy-q020-p173-i1.jpg,/uploads/medicomm-atlas-ini-cet-2021-anatomy-q020.png,"Medicomm atlas-style respiratory epithelium histology plate generated from the original source image; black background, Roman markers I-IV and basement-membrane endpoint preserved."
done,anatomy,ini-cet-2021-anatomy-q021,21,1,/uploads/yellowfool-ini-cet-2021-anatomy-q021-p174-i1.jpg,/uploads/medicomm-atlas-ini-cet-2021-anatomy-q021.png,"Medicomm atlas-style atlas vertebra illustration generated from the original source image; pure black background, Roman markers I-IV and original callout map preserved."
done,anatomy,ini-cet-2021-anatomy-q022,22,1,/uploads/yellowfool-ini-cet-2021-anatomy-q022-p174-i2.jp2,/uploads/medicomm-atlas-ini-cet-2021-anatomy-q022.png,"Medicomm atlas-style chest radiology plate generated from the original JP2 source image; black radiology background, left-clavicle arrow direction and endpoint preserved."
done,anatomy,ini-cet-2021-anatomy-q023,23,1,/uploads/yellowfool-ini-cet-2021-anatomy-q023-p175-i1.jpg,/uploads/medicomm-atlas-ini-cet-2021-anatomy-q023.png,"Medicomm atlas-style midsagittal brain specimen generated from the original source image; pure black background, dorsal brainstem red marker and probe orientation preserved."
done,anatomy,neet-pg-2021-anatomy-q003,3,1,/uploads/yellowfool-neet-pg-2021-anatomy-q003-p205-i1.jpg,/uploads/medicomm-atlas-neet-pg-2021-anatomy-q003.png,"Medicomm atlas-style circumvallate papilla histology plate generated from the original source image; black background, papilla morphology and groove relationships preserved."
done,anatomy,ini-cet-2022-anatomy-q009,9,1,/uploads/yellowfool-ini-cet-2022-anatomy-q009-p222-i1.jpg,/uploads/medicomm-atlas-ini-cet-2022-anatomy-q009.png,"Medicomm atlas-style non-graphic palmar hand dissection generated from the original source image; pure black background, first-lumbrical red arrow direction and endpoint preserved."
done,anatomy,ini-cet-2022-anatomy-q010,10,1,/uploads/yellowfool-ini-cet-2022-anatomy-q010-p222-i2.jpg,/uploads/medicomm-atlas-ini-cet-2022-anatomy-q010.png,"Medicomm atlas-style pharyngeal pouch embryology schematic generated from the original source image; pure black background, Roman markers I-IV preserved at original pouch label positions."
done,anatomy,ini-cet-2022-anatomy-q011,11,1,/uploads/yellowfool-ini-cet-2022-anatomy-q011-p223-i1.jpg,/uploads/medicomm-atlas-ini-cet-2022-anatomy-q011.png,"Medicomm atlas-style skin histology plate generated from the original source image; black background, Roman markers I-IV and sweat-gland pointer endpoint preserved."
done,anatomy,ini-cet-2022-anatomy-q012,12,1,/uploads/yellowfool-ini-cet-2022-anatomy-q012-p224-i1.jpg,/uploads/medicomm-atlas-ini-cet-2022-anatomy-q012.png,"Medicomm atlas-style midsagittal brain specimen generated from the original source image; pure black background, anterior corpus-callosum arrow direction and endpoint preserved."
done,anatomy,ini-cet-2022-anatomy-q017,17,1,/uploads/yellowfool-ini-cet-2022-anatomy-q017-p225-i1.jpg,/uploads/medicomm-atlas-ini-cet-2022-anatomy-q017.png,"Medicomm atlas-style anterior thigh muscle illustration generated from the original source image; pure black background, Roman markers I-IV and sartorius endpoint preserved."
done,anatomy,ini-cet-2022-anatomy-q022,22,1,/uploads/yellowfool-ini-cet-2022-anatomy-q022-p227-i1.jp2,/uploads/medicomm-atlas-ini-cet-2022-anatomy-q022.png,"Medicomm atlas-style fibula illustration generated from the original JP2 source image; pure black background, fibular-neck red arrow direction and endpoint preserved."
done,anatomy,ini-cet-2022-anatomy-q024,24,1,/uploads/yellowfool-ini-cet-2022-anatomy-q024-p228-i1.jp2,/uploads/medicomm-atlas-ini-cet-2022-anatomy-q024.png,"Medicomm atlas-style non-graphic subdural hemorrhage teaching plate generated from the original JP2 source image; black background, meningeal/subdural collection relationship preserved."
done,anatomy,ini-cet-2022-anatomy-q027,27,1,/uploads/yellowfool-ini-cet-2022-anatomy-q027-p229-i1.jpg,/uploads/medicomm-atlas-ini-cet-2022-anatomy-q027.png,"Medicomm atlas-style lateral skull pterion illustration generated from the original source image; pure black background, cyan pterion ring and arrow endpoint preserved."
done,anatomy,ini-cet-2022-anatomy-q028,28,1,/uploads/yellowfool-ini-cet-2022-anatomy-q028-p230-i1.jpg,/uploads/medicomm-atlas-ini-cet-2022-anatomy-q028.png,"Medicomm atlas-style embryology cross-section generated from the original source image; black background, NT/N/S labels and neural-crest arrow endpoints preserved."
done,anatomy,ini-cet-2022-anatomy-q030,30,1,/uploads/yellowfool-ini-cet-2022-anatomy-q030-p231-i1.jpg,/uploads/medicomm-atlas-ini-cet-2022-anatomy-q030.png,"Medicomm atlas-style lateral skull pterion illustration generated from the original source image; pure black background, cyan pterion ring and middle-meningeal-region arrow endpoint preserved."
done,anatomy,ini-cet-2022-anatomy-q033,33,1,/uploads/yellowfool-ini-cet-2022-anatomy-q033-p232-i1.jpg,/uploads/medicomm-atlas-ini-cet-2022-anatomy-q033.png,"Medicomm atlas-style axial abdominal CT plate generated from the original source image; black background, liver segment V green overlay and CT orientation preserved."
done,anatomy,ini-cet-2022-anatomy-q035,35,1,/uploads/yellowfool-ini-cet-2022-anatomy-q035-p233-i1.jpg,/uploads/medicomm-atlas-ini-cet-2022-anatomy-q035.png,"Medicomm atlas-style ventral brainstem illustration generated from the original source image; pure black background, Roman marker II and pontomedullary endpoint preserved."
done,anatomy,neet-pg-2022-anatomy-q001,1,1,/uploads/yellowfool-neet-pg-2022-anatomy-q001-p284-i1.jpg,/uploads/medicomm-atlas-neet-pg-2022-anatomy-q001.png,"Medicomm atlas-style embryology transverse-section schematic generated from the original source image; pure black background, marker A ventral-mesentery endpoint and intraembryonic body-cavity label preserved."
done,anatomy,neet-pg-2022-anatomy-q003,3,1,/uploads/yellowfool-neet-pg-2022-anatomy-q003-p285-i1.jpg,/uploads/medicomm-atlas-neet-pg-2022-anatomy-q003.png,"Medicomm atlas-style fibrocartilage histology plate generated from the original source image; black microscope background, collagen bundle direction and chondrocyte rows preserved."
done,anatomy,neet-pg-2022-anatomy-q004,4,1,/uploads/yellowfool-neet-pg-2022-anatomy-q004-p286-i1.jpg,/uploads/medicomm-atlas-neet-pg-2022-anatomy-q004.png,"Medicomm atlas-style cranial nerve base-of-brain illustration generated from the original source image; pure black background, Roman markers I-IV and original trigeminal-nerve marker III endpoint preserved."
done,anatomy,neet-pg-2022-anatomy-q005,5,1,/uploads/yellowfool-neet-pg-2022-anatomy-q005-p286-i2.jpg,/uploads/medicomm-atlas-neet-pg-2022-anatomy-q005.png,"Medicomm atlas-style pancreatic islet histology plate generated from the original source image; black background, central islet and surrounding exocrine acini preserved."
done,anatomy,ini-cet-2023-anatomy-q001,1,1,/uploads/yellowfool-ini-cet-2023-anatomy-q001-p309-i1.jpg,/uploads/medicomm-atlas-ini-cet-2023-anatomy-q001.png,"Medicomm atlas-style medulla cross-section schematic generated from the original source image; pure black background, lateral medullary red territory and orientation labels preserved."
done,anatomy,ini-cet-2023-anatomy-q002,2,1,/uploads/yellowfool-ini-cet-2023-anatomy-q002-p310-i1.jpg,/uploads/medicomm-atlas-ini-cet-2023-anatomy-q002.png,"Medicomm atlas-style posterior shoulder-girdle illustration generated from the original source image; pure black background, posterior orientation, scapular relationship, and red rhomboid muscle highlight preserved."
done,anatomy,ini-cet-2023-anatomy-q005,5,1,/uploads/yellowfool-ini-cet-2023-anatomy-q005-p311-i1.jpg,/uploads/medicomm-atlas-ini-cet-2023-anatomy-q005.png,"Medicomm atlas-style humerus illustration generated from the original source image; pure black background, A-D labels and pointer endpoints preserved, with C retained at the medial epicondyle region."
done,anatomy,ini-cet-2023-anatomy-q010,10,1,/uploads/yellowfool-ini-cet-2023-anatomy-q010-p313-i1.jpg,/uploads/medicomm-atlas-ini-cet-2023-anatomy-q010.png,"Medicomm atlas-style chick embryo transverse-section illustration generated from the original source image; pure black background, central embryologic structures and yellow para-axial mesoderm arrow endpoint preserved."
done,anatomy,ini-cet-2023-anatomy-q012,12,1,/uploads/yellowfool-ini-cet-2023-anatomy-q012-p314-i1.jp2,/uploads/medicomm-atlas-ini-cet-2023-anatomy-q012.png,"Medicomm atlas-style lateral skull illustration generated from the original source image; pure black background, pterion cyan ring and arrow endpoint preserved."
done,anatomy,ini-cet-2023-anatomy-q013,13,1,/uploads/yellowfool-ini-cet-2023-anatomy-q013-p314-i2.jpg,/uploads/medicomm-atlas-ini-cet-2023-anatomy-q013.png,"Medicomm atlas-style cardiac-valve transverse-section illustration generated from the original source image; pure black background, question marker and sub-aortic-curtain pointer endpoint preserved."
done,anatomy,ini-cet-2023-anatomy-q014,14,1,/uploads/yellowfool-ini-cet-2023-anatomy-q014-p315-i1.jpg,/uploads/medicomm-atlas-ini-cet-2023-anatomy-q014.png,"Medicomm atlas-style lung histology plate generated from the original source image; black background, A-D labels and bronchiolar/alveolar pointer endpoints preserved."
done,anatomy,ini-cet-2023-anatomy-q016,16,1,/uploads/yellowfool-ini-cet-2023-anatomy-q016-p316-i1.jp2,/uploads/medicomm-atlas-ini-cet-2023-anatomy-q016.png,"Medicomm atlas-style adrenal histology plate generated from the original source image; pure black background, Fibrous capsule and Central adrenomedullary vein labels plus zona glomerulosa arrow preserved."
done,anatomy,ini-cet-2023-anatomy-q018,18,1,/uploads/yellowfool-ini-cet-2023-anatomy-q018-p317-i2.jp2,/uploads/medicomm-atlas-ini-cet-2023-anatomy-q018.png,Medicomm atlas-style abstract embryology mechanism plate generated after the clinical source was filtered; caudal primitive-streak remnant and teratomatous tissue components represented without patient imagery.
done,anatomy,ini-cet-2023-anatomy-q019,19,1,/uploads/yellowfool-ini-cet-2023-anatomy-q019-p318-i1.jpg,/uploads/medicomm-atlas-ini-cet-2023-anatomy-q019.png,"Medicomm atlas-style T5 axial thoracic cross-section generated from the original source image; pure black background, pulmonary trunk bifurcation arrow endpoint and vascular lumen pattern preserved."
done,anatomy,ini-cet-2023-anatomy-q020,20,1,/uploads/yellowfool-ini-cet-2023-anatomy-q020-p319-i1.jpg,/uploads/medicomm-atlas-ini-cet-2023-anatomy-q020.png,"Medicomm atlas-style coronal brain section generated from the original source image; pure black background, basal ganglia anatomy and yellow subthalamic nucleus pointer endpoint preserved."
done,anatomy,ini-cet-2023-anatomy-q022,22,1,/uploads/yellowfool-ini-cet-2023-anatomy-q022-p320-i1.jpg,/uploads/medicomm-atlas-ini-cet-2023-anatomy-q022.png,"Medicomm atlas-style coronal brain section generated from the original source image; pure black background, fornix-region marker converted to Roman numeral while preserving pointer endpoint."
done,anatomy,neet-pg-2023-anatomy-q001,1,1,/uploads/yellowfool-neet-pg-2023-anatomy-q001-p297-i1.jpg,/uploads/medicomm-atlas-neet-pg-2023-anatomy-q001.png,Medicomm atlas-style lower anterior abdominal wall and inguinal canal schematic generated from the original source image; pure black background and marker endpoint preserved in a nonsexual educational diagram.
done,anatomy,neet-pg-2023-anatomy-q003,3,1,/uploads/yellowfool-neet-pg-2023-anatomy-q003-p298-i1.jpg,/uploads/medicomm-atlas-neet-pg-2023-anatomy-q003.png,"Medicomm atlas-style renal cortex histology plate generated from the original source image; glomerulus, tubules, and field orientation preserved on black background."
done,anatomy,neet-pg-2023-anatomy-q004,4,1,/uploads/yellowfool-neet-pg-2023-anatomy-q004-p298-i2.jpg,/uploads/medicomm-atlas-neet-pg-2023-anatomy-q004.png,Medicomm atlas-style AP knee radiology plate generated from the original source image; four markers converted to Roman numerals while preserving each pointer endpoint.
done,anatomy,neet-pg-2023-anatomy-q005,5,1,/uploads/yellowfool-neet-pg-2023-anatomy-q005-p299-i1.jpg,/uploads/medicomm-atlas-neet-pg-2023-anatomy-q005.png,"Medicomm atlas-style cardiac defect diagram generated from the original source image; pure black background, Defect label text, and pointer endpoint preserved."
done,anatomy,neet-pg-2023-anatomy-q006,6,1,/uploads/yellowfool-neet-pg-2023-anatomy-q006-p300-i1.jpg,/uploads/medicomm-atlas-neet-pg-2023-anatomy-q006.png,"Medicomm atlas-style embryology diagram generated from the original source image; pure black background, label A, and pointer endpoint preserved."
done,anatomy,ini-cet-2024-anatomy-q001,1,1,/uploads/yellowfool-ini-cet-2024-anatomy-q001-p352-i1.jpg,/uploads/medicomm-atlas-ini-cet-2024-anatomy-q001.png,"Medicomm atlas-style vertebra osteology illustration generated from the original source image; pure black background, orientation and bony morphology preserved."
done,anatomy,ini-cet-2024-anatomy-q004,4,1,/uploads/yellowfool-ini-cet-2024-anatomy-q004-p353-i1.jpg,/uploads/medicomm-atlas-ini-cet-2024-anatomy-q004.png,Medicomm atlas-style cartilage histology plate generated from the original source image; four layer markers converted to Roman numerals while preserving horizontal pointer endpoints.
done,anatomy,ini-cet-2024-anatomy-q005,5,1,/uploads/yellowfool-ini-cet-2024-anatomy-q005-p354-i1.jpg,/uploads/medicomm-atlas-ini-cet-2024-anatomy-q005.png,Medicomm atlas-style lateral head and neck anatomy illustration generated from the original source image; two markers converted to Roman numerals while preserving pointer endpoints.
done,anatomy,ini-cet-2024-anatomy-q006,6,1,/uploads/yellowfool-ini-cet-2024-anatomy-q006-p354-i2.jpg,/uploads/medicomm-atlas-ini-cet-2024-anatomy-q006.png,Medicomm atlas-style hip bone osteology illustration generated from the original source image; pure black background and original arrow endpoint preserved.
done,anatomy,ini-cet-2024-anatomy-q007,7,1,/uploads/yellowfool-ini-cet-2024-anatomy-q007-p355-i1.jpg,/uploads/medicomm-atlas-ini-cet-2024-anatomy-q007.png,Medicomm atlas-style thoracic anatomical cutaway generated from the original source image; pure black background and original arrow endpoint preserved in a non-graphic educational rendering.
done,anatomy,ini-cet-2024-anatomy-q008,8,1,/uploads/yellowfool-ini-cet-2024-anatomy-q008-p356-i1.jpg,/uploads/medicomm-atlas-ini-cet-2024-anatomy-q008.png,Medicomm atlas-style cardiac cross-section generated from the original source image; marker 2 converted to Roman numeral while preserving chamber anatomy and pointer endpoint.
done,anatomy,ini-cet-2024-anatomy-q009,9,1,/uploads/yellowfool-ini-cet-2024-anatomy-q009-p356-i2.jpg,/uploads/medicomm-atlas-ini-cet-2024-anatomy-q009.png,Medicomm atlas-style axial upper abdominal cross-section generated from the original source image; anatomical labels and leader-line endpoints preserved on black background.
done,anatomy,ini-cet-2024-anatomy-q010,10,1,/uploads/yellowfool-ini-cet-2024-anatomy-q010-p357-i1.jpg,/uploads/medicomm-atlas-ini-cet-2024-anatomy-q010.png,Medicomm atlas-style two-panel brain specimen plate generated from the original source image; panel order preserved and numbered markers converted to Roman numerals with endpoints retained.
done,anatomy,ini-cet-2024-anatomy-q013,13,1,/uploads/yellowfool-ini-cet-2024-anatomy-q013-p358-i1.jpg,/uploads/medicomm-atlas-ini-cet-2024-anatomy-q013.png,Medicomm atlas-style axial chest CT plate generated from the original source image; red arrow endpoint and mediastinal vessel relationship preserved.
done,anatomy,ini-cet-2024-anatomy-q014,14,1,/uploads/yellowfool-ini-cet-2024-anatomy-q014-p359-i1.jpg,/uploads/medicomm-atlas-ini-cet-2024-anatomy-q014.png,Medicomm atlas-style cerebral/cervical angiography plate generated from the original source image; yellow arrow endpoint and vascular orientation preserved.
done,anatomy,ini-cet-2024-anatomy-q015,15,1,/uploads/yellowfool-ini-cet-2024-anatomy-q015-p359-i2.jpg,/uploads/medicomm-atlas-ini-cet-2024-anatomy-q015.png,Medicomm atlas-style lateral skull osteology illustration generated from the original source image; red arrow endpoint near the temporal region preserved.
done,anatomy,ini-cet-2024-anatomy-q020,20,1,/uploads/yellowfool-ini-cet-2024-anatomy-q020-p361-i1.jpg,/uploads/medicomm-atlas-ini-cet-2024-anatomy-q020.png,Medicomm atlas-style embryology microscopy illustration generated from the original source image; central axis and black arrow endpoint preserved.
done,anatomy,ini-cet-2024-anatomy-q023,23,1,/uploads/yellowfool-ini-cet-2024-anatomy-q023-p362-i1.jpg,/uploads/medicomm-atlas-ini-cet-2024-anatomy-q023.png,Medicomm atlas-style internal cranial base osteology illustration generated from the original source image; yellow arrow endpoint preserved on black background.
done,anatomy,neet-pg-2024-anatomy-q001,1,1,/uploads/yellowfool-neet-pg-2024-anatomy-q001-p387-i1.jpg,/uploads/medicomm-atlas-neet-pg-2024-anatomy-q001.png,Medicomm atlas-style cranial base osteology illustration generated from the original source image; black arrow and question mark marker preserved with endpoint retained.
done,anatomy,neet-pg-2024-anatomy-q005,5,1,/uploads/yellowfool-neet-pg-2024-anatomy-q005-p388-i1.jpg,/uploads/medicomm-atlas-neet-pg-2024-anatomy-q005.png,Medicomm atlas-style local schematic created after image generation safety filtering; omphalocele represented as an amnion-covered umbilical sac with cord insertion on black background.
done,anatomy,neet-pg-2024-anatomy-q006,6,1,/uploads/yellowfool-neet-pg-2024-anatomy-q006-p389-i1.jp2,/uploads/medicomm-atlas-neet-pg-2024-anatomy-q006.png,Medicomm atlas-style axillary neurovascular dissection diagram generated from the original source image; brachial plexus labels and marked medial pectoral nerve endpoint preserved.
done,anatomy,neet-pg-2024-anatomy-q008,8,1,/uploads/yellowfool-neet-pg-2024-anatomy-q008-p390-i1.jpg,/uploads/medicomm-atlas-neet-pg-2024-anatomy-q008.png,Medicomm atlas-style ureter transitional epithelium histology plate generated from the original source image; folded urothelium and smooth muscle relationship preserved.
pending,physiology,neet-pg-2022-q131,131,1,/uploads/practice-neet-pg-2022-q131-1.png,/uploads/medicomm-atlas-neet-pg-2022-q131.png,convert from source PDF/current source image; preserve question image order
pending,physiology,neet-pg-2022-q133,133,1,/uploads/practice-neet-pg-2022-q133-1.png,/uploads/medicomm-atlas-neet-pg-2022-q133.png,convert from source PDF/current source image; preserve question image order
pending,biochemistry,neet-pg-2021-q186,186,1,/uploads/practice-neet-pg-2021-q186-1.png,/uploads/medicomm-atlas-neet-pg-2021-q186.png,convert from source PDF/current source image; preserve question image order
pending,biochemistry,neet-pg-2021-q190,190,1,/uploads/practice-neet-pg-2021-q190-1.png,/uploads/medicomm-atlas-neet-pg-2021-q190.png,convert from source PDF/current source image; preserve question image order
pending,biochemistry,neet-pg-2020-q039,39,1,/uploads/practice-neet-pg-2020-q039-1.png,/uploads/medicomm-atlas-neet-pg-2020-q039.png,convert from source PDF/current source image; preserve question image order
pending,pathology,neet-pg-2022-q088,88,1,/uploads/practice-neet-pg-2022-q088-1.png,/uploads/medicomm-atlas-neet-pg-2022-q088.png,convert from source PDF/current source image; preserve question image order
pending,pathology,neet-pg-2022-q091,91,1,/uploads/practice-neet-pg-2022-q091-1.png,/uploads/medicomm-atlas-neet-pg-2022-q091.png,convert from source PDF/current source image; preserve question image order
pending,pathology,neet-pg-2022-q099,99,1,/uploads/practice-neet-pg-2022-q099-1.png,/uploads/medicomm-atlas-neet-pg-2022-q099.png,convert from source PDF/current source image; preserve question image order
pending,pathology,neet-pg-2021-q195,195,1,/uploads/practice-neet-pg-2021-q195-1.png,/uploads/medicomm-atlas-neet-pg-2021-q195.png,convert from source PDF/current source image; preserve question image order
pending,pathology,neet-pg-2020-q067,67,1,/uploads/practice-neet-pg-2020-q067-1.png,/uploads/medicomm-atlas-neet-pg-2020-q067.png,convert from source PDF/current source image; preserve question image order
pending,pathology,neet-pg-2020-q069,69,1,/uploads/practice-neet-pg-2020-q069-1.png,/uploads/medicomm-atlas-neet-pg-2020-q069.png,convert from source PDF/current source image; preserve question image order
pending,pathology,neet-pg-2020-q071,71,1,/uploads/practice-neet-pg-2020-q071-1.png,/uploads/medicomm-atlas-neet-pg-2020-q071.png,convert from source PDF/current source image; preserve question image order
pending,pathology,neet-pg-2020-q075,75,1,/uploads/practice-neet-pg-2020-q075-1.png,/uploads/medicomm-atlas-neet-pg-2020-q075.png,convert from source PDF/current source image; preserve question image order
pending,pathology,neet-pg-2020-q136,136,1,/uploads/practice-neet-pg-2020-q136-1.png,/uploads/medicomm-atlas-neet-pg-2020-q136.png,convert from source PDF/current source image; preserve question image order
pending,pathology,neet-pg-2020-q161,161,1,/uploads/practice-neet-pg-2020-q161-1.png,/uploads/medicomm-atlas-neet-pg-2020-q161.png,convert from source PDF/current source image; preserve question image order
pending,pathology,neet-pg-2020-q165,165,1,/uploads/practice-neet-pg-2020-q165-1.png,/uploads/medicomm-atlas-neet-pg-2020-q165.png,convert from source PDF/current source image; preserve question image order
pending,microbiology,neet-pg-2022-q123,123,1,/uploads/practice-neet-pg-2022-q123-1.png,/uploads/medicomm-atlas-neet-pg-2022-q123.png,convert from source PDF/current source image; preserve question image order
pending,microbiology,neet-pg-2022-q200,200,1,/uploads/practice-neet-pg-2022-q200-1.png,/uploads/medicomm-atlas-neet-pg-2022-q200.png,convert from source PDF/current source image; preserve question image order
pending,microbiology,neet-pg-2021-q168,168,1,/uploads/practice-neet-pg-2021-q168-1.png,/uploads/medicomm-atlas-neet-pg-2021-q168.png,convert from source PDF/current source image; preserve question image order
pending,microbiology,neet-pg-2021-q172,172,1,/uploads/practice-neet-pg-2021-q172-1.png,/uploads/medicomm-atlas-neet-pg-2021-q172.png,convert from source PDF/current source image; preserve question image order
pending,microbiology,neet-pg-2021-q173,173,1,/uploads/practice-neet-pg-2021-q173-1.png,/uploads/medicomm-atlas-neet-pg-2021-q173.png,convert from source PDF/current source image; preserve question image order
pending,microbiology,neet-pg-2020-q211,211,1,/uploads/practice-neet-pg-2020-q211-1.png,/uploads/medicomm-atlas-neet-pg-2020-q211.png,convert from source PDF/current source image; preserve question image order
pending,microbiology,neet-pg-2020-q221,221,1,/uploads/practice-neet-pg-2020-q221-1.png,/uploads/medicomm-atlas-neet-pg-2020-q221.png,convert from source PDF/current source image; preserve question image order
pending,microbiology,neet-pg-2020-q233,233,1,/uploads/practice-neet-pg-2020-q233-1.png,/uploads/medicomm-atlas-neet-pg-2020-q233.png,convert from source PDF/current source image; preserve question image order
pending,microbiology,neet-pg-2020-q241,241,1,/uploads/practice-neet-pg-2020-q241-1.png,/uploads/medicomm-atlas-neet-pg-2020-q241.png,convert from source PDF/current source image; preserve question image order
pending,microbiology,neet-pg-2020-q243,243,1,/uploads/practice-neet-pg-2020-q243-1.png,/uploads/medicomm-atlas-neet-pg-2020-q243.png,convert from source PDF/current source image; preserve question image order
pending,microbiology,neet-pg-2020-q255,255,1,/uploads/practice-neet-pg-2020-q255-1.png,/uploads/medicomm-atlas-neet-pg-2020-q255.png,convert from source PDF/current source image; preserve question image order
pending,microbiology,neet-pg-2020-q272,272,1,/uploads/practice-neet-pg-2020-q272-1.png,/uploads/medicomm-atlas-neet-pg-2020-q272.png,convert from source PDF/current source image; preserve question image order
pending,pharmacology,neet-pg-2020-q139,139,1,/uploads/practice-neet-pg-2020-q139-1.png,/uploads/medicomm-atlas-neet-pg-2020-q139.png,convert from source PDF/current source image; preserve question image order
pending,forensic-medicine,neet-pg-2022-q092,92,1,/uploads/practice-neet-pg-2022-q092-1.png,/uploads/medicomm-atlas-neet-pg-2022-q092.png,convert from source PDF/current source image; preserve question image order
pending,forensic-medicine,neet-pg-2021-q062,62,1,/uploads/practice-neet-pg-2021-q062-1.png,/uploads/medicomm-atlas-neet-pg-2021-q062.png,convert from source PDF/current source image; preserve question image order
pending,forensic-medicine,neet-pg-2021-q071,71,1,/uploads/practice-neet-pg-2021-q071-1.png,/uploads/medicomm-atlas-neet-pg-2021-q071.png,convert from source PDF/current source image; preserve question image order
pending,forensic-medicine,neet-pg-2021-q074,74,1,/uploads/practice-neet-pg-2021-q074-1.png,/uploads/medicomm-atlas-neet-pg-2021-q074.png,convert from source PDF/current source image; preserve question image order
pending,forensic-medicine,neet-pg-2020-q278,278,1,/uploads/practice-neet-pg-2020-q278-1.png,/uploads/medicomm-atlas-neet-pg-2020-q278.png,convert from source PDF/current source image; preserve question image order
pending,forensic-medicine,neet-pg-2020-q285,285,1,/uploads/practice-neet-pg-2020-q285-1.png,/uploads/medicomm-atlas-neet-pg-2020-q285.png,convert from source PDF/current source image; preserve question image order
pending,ent,neet-pg-2022-q007,7,1,/uploads/practice-neet-pg-2022-q007-1.png,/uploads/medicomm-atlas-neet-pg-2022-q007.png,convert from source PDF/current source image; preserve question image order
pending,ent,neet-pg-2022-q008,8,1,/uploads/practice-neet-pg-2022-q008-1.png,/uploads/medicomm-atlas-neet-pg-2022-q008.png,convert from source PDF/current source image; preserve question image order
pending,ent,neet-pg-2022-q083,83,1,/uploads/practice-neet-pg-2022-q083-1.png,/uploads/medicomm-atlas-neet-pg-2022-q083.png,convert from source PDF/current source image; preserve question image order
pending,ent,neet-pg-2022-q087,87,1,/uploads/practice-neet-pg-2022-q087-1.png,/uploads/medicomm-atlas-neet-pg-2022-q087.png,convert from source PDF/current source image; preserve question image order
pending,ent,neet-pg-2021-q099,99,1,/uploads/practice-neet-pg-2021-q099-1.png,/uploads/medicomm-atlas-neet-pg-2021-q099.png,convert from source PDF/current source image; preserve question image order
pending,ent,neet-pg-2021-q124,124,1,/uploads/practice-neet-pg-2021-q124-1.png,/uploads/medicomm-atlas-neet-pg-2021-q124.png,convert from source PDF/current source image; preserve question image order
pending,ent,neet-pg-2020-q040,40,1,/uploads/practice-neet-pg-2020-q040-1.png,/uploads/medicomm-atlas-neet-pg-2020-q040.png,convert from source PDF/current source image; preserve question image order
pending,ophthalmology,neet-pg-2022-q051,51,1,/uploads/practice-neet-pg-2022-q051-1.png,/uploads/medicomm-atlas-neet-pg-2022-q051-i1.png,convert from source PDF/current source image; preserve question image order
pending,ophthalmology,neet-pg-2022-q051,51,2,/uploads/practice-neet-pg-2022-q051-2.png,/uploads/medicomm-atlas-neet-pg-2022-q051-i2.png,convert from source PDF/current source image; preserve question image order
pending,ophthalmology,neet-pg-2022-q053,53,1,/uploads/practice-neet-pg-2022-q053-1.png,/uploads/medicomm-atlas-neet-pg-2022-q053.png,convert from source PDF/current source image; preserve question image order
pending,ophthalmology,neet-pg-2021-q180,180,1,/uploads/practice-neet-pg-2021-q180-1.png,/uploads/medicomm-atlas-neet-pg-2021-q180.png,convert from source PDF/current source image; preserve question image order
pending,ophthalmology,neet-pg-2021-q184,184,1,/uploads/practice-neet-pg-2021-q184-1.png,/uploads/medicomm-atlas-neet-pg-2021-q184.png,convert from source PDF/current source image; preserve question image order
pending,ophthalmology,neet-pg-2020-q064,64,1,/uploads/practice-neet-pg-2020-q064-1.png,/uploads/medicomm-atlas-neet-pg-2020-q064.png,convert from source PDF/current source image; preserve question image order
pending,ophthalmology,neet-pg-2020-q293,293,1,/uploads/practice-neet-pg-2020-q293-1.png,/uploads/medicomm-atlas-neet-pg-2020-q293.png,convert from source PDF/current source image; preserve question image order
pending,ophthalmology,neet-pg-2020-q296,296,1,/uploads/practice-neet-pg-2020-q296-1.png,/uploads/medicomm-atlas-neet-pg-2020-q296.png,convert from source PDF/current source image; preserve question image order
pending,general-medicine,neet-pg-2022-q011,11,1,/uploads/practice-neet-pg-2022-q011-1.png,/uploads/medicomm-atlas-neet-pg-2022-q011.png,convert from source PDF/current source image; preserve question image order
pending,general-medicine,neet-pg-2022-q021,21,1,/uploads/practice-neet-pg-2022-q021-1.png,/uploads/medicomm-atlas-neet-pg-2022-q021.png,convert from source PDF/current source image; preserve question image order
pending,general-medicine,neet-pg-2022-q103,103,1,/uploads/practice-neet-pg-2022-q103-1.png,/uploads/medicomm-atlas-neet-pg-2022-q103.png,convert from source PDF/current source image; preserve question image order
pending,general-medicine,neet-pg-2022-q106,106,1,/uploads/practice-neet-pg-2022-q106-1.png,/uploads/medicomm-atlas-neet-pg-2022-q106.png,convert from source PDF/current source image; preserve question image order
pending,general-surgery,neet-pg-2022-q140,140,1,/uploads/practice-neet-pg-2022-q140-1.png,/uploads/medicomm-atlas-neet-pg-2022-q140.png,convert from source PDF/current source image; preserve question image order
pending,general-surgery,neet-pg-2022-q143,143,1,/uploads/practice-neet-pg-2022-q143-1.png,/uploads/medicomm-atlas-neet-pg-2022-q143-i1.png,convert from source PDF/current source image; preserve question image order
pending,general-surgery,neet-pg-2022-q143,143,2,/uploads/practice-neet-pg-2022-q143-2.png,/uploads/medicomm-atlas-neet-pg-2022-q143-i2.png,convert from source PDF/current source image; preserve question image order
pending,general-surgery,neet-pg-2022-q147,147,1,/uploads/practice-neet-pg-2022-q147-1.png,/uploads/medicomm-atlas-neet-pg-2022-q147.png,convert from source PDF/current source image; preserve question image order
pending,general-surgery,neet-pg-2022-q150,150,1,/uploads/practice-neet-pg-2022-q150-1.png,/uploads/medicomm-atlas-neet-pg-2022-q150.png,convert from source PDF/current source image; preserve question image order
pending,general-surgery,neet-pg-2022-q154,154,1,/uploads/practice-neet-pg-2022-q154-1.png,/uploads/medicomm-atlas-neet-pg-2022-q154.png,convert from source PDF/current source image; preserve question image order
pending,general-surgery,neet-pg-2022-q155,155,1,/uploads/practice-neet-pg-2022-q155-1.png,/uploads/medicomm-atlas-neet-pg-2022-q155.png,convert from source PDF/current source image; preserve question image order
pending,general-surgery,neet-pg-2022-q158,158,1,/uploads/practice-neet-pg-2022-q158-1.png,/uploads/medicomm-atlas-neet-pg-2022-q158.png,convert from source PDF/current source image; preserve question image order
pending,general-surgery,neet-pg-2022-q160,160,1,/uploads/practice-neet-pg-2022-q160-1.png,/uploads/medicomm-atlas-neet-pg-2022-q160.png,convert from source PDF/current source image; preserve question image order
pending,general-surgery,neet-pg-2022-q161,161,1,/uploads/practice-neet-pg-2022-q161-1.png,/uploads/medicomm-atlas-neet-pg-2022-q161.png,convert from source PDF/current source image; preserve question image order
pending,general-surgery,neet-pg-2022-q163,163,1,/uploads/practice-neet-pg-2022-q163-1.png,/uploads/medicomm-atlas-neet-pg-2022-q163.png,convert from source PDF/current source image; preserve question image order
pending,general-surgery,neet-pg-2022-q166,166,1,/uploads/practice-neet-pg-2022-q166-1.png,/uploads/medicomm-atlas-neet-pg-2022-q166.png,convert from source PDF/current source image; preserve question image order
pending,general-surgery,neet-pg-2022-q168,168,1,/uploads/practice-neet-pg-2022-q168-1.png,/uploads/medicomm-atlas-neet-pg-2022-q168.png,convert from source PDF/current source image; preserve question image order
pending,general-surgery,neet-pg-2022-q175,175,1,/uploads/practice-neet-pg-2022-q175-1.png,/uploads/medicomm-atlas-neet-pg-2022-q175.png,convert from source PDF/current source image; preserve question image order
pending,general-surgery,neet-pg-2022-q177,177,1,/uploads/practice-neet-pg-2022-q177-1.png,/uploads/medicomm-atlas-neet-pg-2022-q177.png,convert from source PDF/current source image; preserve question image order
pending,general-surgery,neet-pg-2022-q181,181,1,/uploads/practice-neet-pg-2022-q181-1.png,/uploads/medicomm-atlas-neet-pg-2022-q181.png,convert from source PDF/current source image; preserve question image order
pending,general-surgery,neet-pg-2021-q145,145,1,/uploads/practice-neet-pg-2021-q145-1.png,/uploads/medicomm-atlas-neet-pg-2021-q145.png,convert from source PDF/current source image; preserve question image order
pending,general-surgery,neet-pg-2021-q174,174,1,/uploads/practice-neet-pg-2021-q174-1.png,/uploads/medicomm-atlas-neet-pg-2021-q174.png,convert from source PDF/current source image; preserve question image order
pending,general-surgery,neet-pg-2021-q175,175,1,/uploads/practice-neet-pg-2021-q175-1.png,/uploads/medicomm-atlas-neet-pg-2021-q175.png,convert from source PDF/current source image; preserve question image order
pending,general-surgery,neet-pg-2021-q177,177,1,/uploads/practice-neet-pg-2021-q177-1.png,/uploads/medicomm-atlas-neet-pg-2021-q177.png,convert from source PDF/current source image; preserve question image order
pending,general-surgery,neet-pg-2021-q197,197,1,/uploads/practice-neet-pg-2021-q197-1.png,/uploads/medicomm-atlas-neet-pg-2021-q197.png,convert from source PDF/current source image; preserve question image order
pending,general-surgery,neet-pg-2021-q199,199,1,/uploads/practice-neet-pg-2021-q199-1.png,/uploads/medicomm-atlas-neet-pg-2021-q199.png,convert from source PDF/current source image; preserve question image order
pending,general-surgery,neet-pg-2021-q200,200,1,/uploads/practice-neet-pg-2021-q200-1.png,/uploads/medicomm-atlas-neet-pg-2021-q200.png,convert from source PDF/current source image; preserve question image order
pending,general-surgery,neet-pg-2020-q173,173,1,/uploads/practice-neet-pg-2020-q173-1.png,/uploads/medicomm-atlas-neet-pg-2020-q173-i1.png,convert from source PDF/current source image; preserve question image order
pending,general-surgery,neet-pg-2020-q173,173,2,/uploads/practice-neet-pg-2020-q173-2.png,/uploads/medicomm-atlas-neet-pg-2020-q173-i2.png,convert from source PDF/current source image; preserve question image order
pending,general-surgery,neet-pg-2020-q190,190,1,/uploads/practice-neet-pg-2020-q190-1.png,/uploads/medicomm-atlas-neet-pg-2020-q190.png,convert from source PDF/current source image; preserve question image order
pending,general-surgery,neet-pg-2020-q201,201,1,/uploads/practice-neet-pg-2020-q201-1.png,/uploads/medicomm-atlas-neet-pg-2020-q201.png,convert from source PDF/current source image; preserve question image order
pending,general-surgery,neet-pg-2020-q222,222,1,/uploads/practice-neet-pg-2020-q222-1.png,/uploads/medicomm-atlas-neet-pg-2020-q222.png,convert from source PDF/current source image; preserve question image order
pending,general-surgery,neet-pg-2020-q227,227,1,/uploads/practice-neet-pg-2020-q227-1.png,/uploads/medicomm-atlas-neet-pg-2020-q227.png,convert from source PDF/current source image; preserve question image order
pending,obgyn,neet-pg-2022-q026,26,1,/uploads/practice-neet-pg-2022-q026-1.png,/uploads/medicomm-atlas-neet-pg-2022-q026.png,convert from source PDF/current source image; preserve question image order
pending,obgyn,neet-pg-2022-q028,28,1,/uploads/practice-neet-pg-2022-q028-1.png,/uploads/medicomm-atlas-neet-pg-2022-q028.png,convert from source PDF/current source image; preserve question image order
pending,obgyn,neet-pg-2022-q029,29,1,/uploads/practice-neet-pg-2022-q029-1.png,/uploads/medicomm-atlas-neet-pg-2022-q029.png,convert from source PDF/current source image; preserve question image order
pending,obgyn,neet-pg-2022-q032,32,1,/uploads/practice-neet-pg-2022-q032-1.png,/uploads/medicomm-atlas-neet-pg-2022-q032.png,convert from source PDF/current source image; preserve question image order
pending,obgyn,neet-pg-2022-q036,36,1,/uploads/practice-neet-pg-2022-q036-1.png,/uploads/medicomm-atlas-neet-pg-2022-q036.png,convert from source PDF/current source image; preserve question image order
pending,obgyn,neet-pg-2022-q045,45,1,/uploads/practice-neet-pg-2022-q045-1.png,/uploads/medicomm-atlas-neet-pg-2022-q045.png,convert from source PDF/current source image; preserve question image order
pending,obgyn,neet-pg-2021-q048,48,1,/uploads/practice-neet-pg-2021-q048-1.png,/uploads/medicomm-atlas-neet-pg-2021-q048.png,convert from source PDF/current source image; preserve question image order
pending,obgyn,neet-pg-2020-q009,9,1,/uploads/practice-neet-pg-2020-q009-1.png,/uploads/medicomm-atlas-neet-pg-2020-q009.png,convert from source PDF/current source image; preserve question image order
pending,obgyn,neet-pg-2020-q056,56,1,/uploads/practice-neet-pg-2020-q056-1.png,/uploads/medicomm-atlas-neet-pg-2020-q056.png,convert from source PDF/current source image; preserve question image order
pending,obgyn,neet-pg-2020-q082,82,1,/uploads/practice-neet-pg-2020-q082-1.png,/uploads/medicomm-atlas-neet-pg-2020-q082.png,convert from source PDF/current source image; preserve question image order
pending,obgyn,neet-pg-2020-q091,91,1,/uploads/practice-neet-pg-2020-q091-1.png,/uploads/medicomm-atlas-neet-pg-2020-q091.png,convert from source PDF/current source image; preserve question image order
pending,obgyn,neet-pg-2020-q095,95,1,/uploads/practice-neet-pg-2020-q095-1.png,/uploads/medicomm-atlas-neet-pg-2020-q095.png,convert from source PDF/current source image; preserve question image order
pending,obgyn,neet-pg-2020-q292,292,1,/uploads/practice-neet-pg-2020-q292-1.png,/uploads/medicomm-atlas-neet-pg-2020-q292-i1.png,convert from source PDF/current source image; preserve question image order
pending,obgyn,neet-pg-2020-q292,292,2,/uploads/practice-neet-pg-2020-q292-2.png,/uploads/medicomm-atlas-neet-pg-2020-q292-i2.png,convert from source PDF/current source image; preserve question image order
pending,pediatrics,neet-pg-2022-q108,108,1,/uploads/practice-neet-pg-2022-q108-1.png,/uploads/medicomm-atlas-neet-pg-2022-q108.png,convert from source PDF/current source image; preserve question image order
pending,pediatrics,neet-pg-2022-q128,128,1,/uploads/practice-neet-pg-2022-q128-1.png,/uploads/medicomm-atlas-neet-pg-2022-q128.png,convert from source PDF/current source image; preserve question image order
pending,pediatrics,neet-pg-2021-q097,97,1,/uploads/practice-neet-pg-2021-q097-1.png,/uploads/medicomm-atlas-neet-pg-2021-q097.png,convert from source PDF/current source image; preserve question image order
pending,orthopedics,neet-pg-2022-q054,54,1,/uploads/practice-neet-pg-2022-q054-1.png,/uploads/medicomm-atlas-neet-pg-2022-q054.png,convert from source PDF/current source image; preserve question image order
pending,orthopedics,neet-pg-2022-q055,55,1,/uploads/practice-neet-pg-2022-q055-1.png,/uploads/medicomm-atlas-neet-pg-2022-q055.png,convert from source PDF/current source image; preserve question image order
pending,orthopedics,neet-pg-2022-q059,59,1,/uploads/practice-neet-pg-2022-q059-1.png,/uploads/medicomm-atlas-neet-pg-2022-q059.png,convert from source PDF/current source image; preserve question image order
pending,orthopedics,neet-pg-2022-q061,61,1,/uploads/practice-neet-pg-2022-q061-1.png,/uploads/medicomm-atlas-neet-pg-2022-q061.png,convert from source PDF/current source image; preserve question image order
pending,orthopedics,neet-pg-2021-q053,53,1,/uploads/practice-neet-pg-2021-q053-1.png,/uploads/medicomm-atlas-neet-pg-2021-q053.png,convert from source PDF/current source image; preserve question image order
pending,orthopedics,neet-pg-2021-q057,57,1,/uploads/practice-neet-pg-2021-q057-1.png,/uploads/medicomm-atlas-neet-pg-2021-q057.png,convert from source PDF/current source image; preserve question image order
pending,orthopedics,neet-pg-2021-q061,61,1,/uploads/practice-neet-pg-2021-q061-1.png,/uploads/medicomm-atlas-neet-pg-2021-q061.png,convert from source PDF/current source image; preserve question image order
pending,orthopedics,neet-pg-2020-q217,217,1,/uploads/practice-neet-pg-2020-q217-1.png,/uploads/medicomm-atlas-neet-pg-2020-q217.png,convert from source PDF/current source image; preserve question image order
pending,orthopedics,neet-pg-2020-q220,220,1,/uploads/practice-neet-pg-2020-q220-1.png,/uploads/medicomm-atlas-neet-pg-2020-q220.png,convert from source PDF/current source image; preserve question image order
pending,orthopedics,neet-pg-2020-q226,226,1,/uploads/practice-neet-pg-2020-q226-1.png,/uploads/medicomm-atlas-neet-pg-2020-q226.png,convert from source PDF/current source image; preserve question image order
pending,dermatology,neet-pg-2022-q075,75,1,/uploads/practice-neet-pg-2022-q075-1.png,/uploads/medicomm-atlas-neet-pg-2022-q075.png,convert from source PDF/current source image; preserve question image order
pending,dermatology,neet-pg-2022-q197,197,1,/uploads/practice-neet-pg-2022-q197-1.png,/uploads/medicomm-atlas-neet-pg-2022-q197.png,convert from source PDF/current source image; preserve question image order
pending,dermatology,neet-pg-2022-q199,199,1,/uploads/practice-neet-pg-2022-q199-1.png,/uploads/medicomm-atlas-neet-pg-2022-q199.png,convert from source PDF/current source image; preserve question image order
pending,dermatology,neet-pg-2021-q127,127,1,/uploads/practice-neet-pg-2021-q127-1.png,/uploads/medicomm-atlas-neet-pg-2021-q127.png,convert from source PDF/current source image; preserve question image order
pending,dermatology,neet-pg-2021-q130,130,1,/uploads/practice-neet-pg-2021-q130-1.png,/uploads/medicomm-atlas-neet-pg-2021-q130.png,convert from source PDF/current source image; preserve question image order
pending,dermatology,neet-pg-2021-q139,139,1,/uploads/practice-neet-pg-2021-q139-1.png,/uploads/medicomm-atlas-neet-pg-2021-q139.png,convert from source PDF/current source image; preserve question image order
pending,dermatology,neet-pg-2020-q182,182,1,/uploads/practice-neet-pg-2020-q182-1.png,/uploads/medicomm-atlas-neet-pg-2020-q182.png,convert from source PDF/current source image; preserve question image order
done,anesthesia,neet-pg-2018-anesthesia-q003,3,1,/uploads/yellowfool-neet-pg-2018-anesthesia-q003-p3426-i1.jpg,/uploads/medicomm-atlas-neet-pg-2018-anesthesia-q003.png,"Medicomm atlas-style Mallampati airway illustration generated from the original source image; pure black background, open-mouth anatomy and tongue-palate relationship preserved."
done,anesthesia,aiims-2019-anesthesia-q004,4,1,/uploads/yellowfool-aiims-2019-anesthesia-q004-p3412-i1.jpg,/uploads/medicomm-atlas-aiims-2019-anesthesia-q004.png,"Medicomm atlas-style AED device illustration generated from the original source image; pure black background, open kit, pads, cable relationship, and device identity preserved without manufacturer branding."
done,anesthesia,neet-pg-2019-anesthesia-q006,6,1,/uploads/yellowfool-neet-pg-2019-anesthesia-q006-p3433-i1.jpg,/uploads/medicomm-atlas-neet-pg-2019-anesthesia-q006.png,"Medicomm atlas-style pulse oximeter illustration generated from the original source image; pure black background, fingertip clip orientation and SpO2/PR display preserved without manufacturer branding."
done,anesthesia,aiims-2020-anesthesia-q004,4,1,/uploads/yellowfool-aiims-2020-anesthesia-q004-p3418-i1.jpg,/uploads/medicomm-atlas-aiims-2020-anesthesia-q004.png,"Medicomm atlas-style HFNC equipment illustration generated from the original source image; pure black background, humidifier, control unit, corrugated tubing, trolley, and nasal cannula relationship preserved."
done,anesthesia,neet-pg-2021-anesthesia-q003,3,1,/uploads/yellowfool-neet-pg-2021-anesthesia-q003-p3461-i1.png,/uploads/medicomm-atlas-neet-pg-2021-anesthesia-q003.png,"Medicomm atlas-style head-tilt chin-lift airway maneuver illustration generated from the original source image; pure black background, head extension and hand contact points preserved."
done,anesthesia,neet-pg-2022-anesthesia-q001,1,1,/uploads/yellowfool-neet-pg-2022-anesthesia-q001-p3473-i1.jpg,/uploads/medicomm-atlas-neet-pg-2022-anesthesia-q001.png,"Medicomm atlas-style peripheral nerve stimulator setup generated from the original source image; pure black background, palmar orientation, electrodes, wires, thumb strap, and finger attachment preserved."
done,anesthesia,neet-pg-2023-anesthesia-q001,1,1,/uploads/yellowfool-neet-pg-2023-anesthesia-q001-p3478-i1.jpg,/uploads/medicomm-atlas-neet-pg-2023-anesthesia-q001.png,"Medicomm atlas-style head-tilt chin-lift airway maneuver illustration generated from the original source image; pure black background, head extension and chin-lift/forehead-hand positions preserved."
done,anesthesia,neet-pg-2024-anesthesia-q003,3,1,/uploads/yellowfool-neet-pg-2024-anesthesia-q003-p3502-i1.jpg,/uploads/medicomm-atlas-neet-pg-2024-anesthesia-q003.png,"Medicomm atlas-style oropharyngeal airway illustration generated from the original source image; pure black background, curved translucent device, flange, and central lumen preserved."
done,anesthesia,neet-pg-2024-anesthesia-q004,4,1,/uploads/yellowfool-neet-pg-2024-anesthesia-q004-p3502-i2.jpg,/uploads/medicomm-atlas-neet-pg-2024-anesthesia-q004.png,"Medicomm atlas-style chest radiology plate generated from the original source image; pure black background, AP chest orientation and left pneumothorax radiographic relationship preserved."
done,anesthesia,neet-pg-2024-anesthesia-q007,7,1,/uploads/yellowfool-neet-pg-2024-anesthesia-q007-p3504-i1.jpg,/uploads/medicomm-atlas-neet-pg-2024-anesthesia-q007.png,"Medicomm atlas-style ECG rhythm strip generated from the original source image; pure black background, chaotic shockable wide-complex waveform and strip layout preserved."
done,anesthesia,neet-pg-2024-anesthesia-q008,8,1,/uploads/yellowfool-neet-pg-2024-anesthesia-q008-p3505-i1.jpg,/uploads/medicomm-atlas-neet-pg-2024-anesthesia-q008.png,"Medicomm atlas-style APL valve and reservoir-bag assembly generated from the original source image; pure black background, green bag/tube, valve knob, question marker, and arrow endpoint preserved."
done,anesthesia,neet-pg-2024-anesthesia-q010,10,1,/uploads/yellowfool-neet-pg-2024-anesthesia-q010-p3506-i1.jpg,/uploads/medicomm-atlas-neet-pg-2024-anesthesia-q010.png,"Medicomm atlas-style capnogram diagram generated from the original source image; pure black background, waveform phases, CO2 axis, dashed boundaries, and Roman numeral marker positions preserved."
done,anesthesia,neet-pg-2024-anesthesia-q011,11,1,/uploads/yellowfool-neet-pg-2024-anesthesia-q011-p3507-i1.jpg,/uploads/medicomm-atlas-neet-pg-2024-anesthesia-q011.png,"Medicomm atlas-style Bier block setup generated from the original source image; pure black background, arm orientation, IV line, double cuff, pressure device, tubing, and draped support preserved."
done,anesthesia,neet-pg-2024-anesthesia-q013,13,1,/uploads/yellowfool-neet-pg-2024-anesthesia-q013-p3508-i1.jpg,/uploads/medicomm-atlas-neet-pg-2024-anesthesia-q013.png,"Medicomm atlas-style schematic airway scope view generated after direct endoscopy source was filtered; pure black background, circular scope field and narrowed right-sided airway lumen preserved for stenosis grading."
pending,radiology,neet-pg-2022-q137,137,1,/uploads/practice-neet-pg-2022-q137-1.png,/uploads/medicomm-atlas-neet-pg-2022-q137.png,convert from source PDF/current source image; preserve question image order
pending,radiology,neet-pg-2022-q138,138,1,/uploads/practice-neet-pg-2022-q138-1.png,/uploads/medicomm-atlas-neet-pg-2022-q138.png,convert from source PDF/current source image; preserve question image order
pending,radiology,neet-pg-2021-q178,178,1,/uploads/practice-neet-pg-2021-q178-1.png,/uploads/medicomm-atlas-neet-pg-2021-q178.png,convert from source PDF/current source image; preserve question image order
pending,radiology,neet-pg-2021-q179,179,1,/uploads/practice-neet-pg-2021-q179-1.png,/uploads/medicomm-atlas-neet-pg-2021-q179.png,convert from source PDF/current source image; preserve question image order
pending,radiology,neet-pg-2021-q185,185,1,/uploads/practice-neet-pg-2021-q185-1.png,/uploads/medicomm-atlas-neet-pg-2021-q185.png,convert from source PDF/current source image; preserve question image order
pending,radiology,neet-pg-2020-q169,169,1,/uploads/practice-neet-pg-2020-q169-1.png,/uploads/medicomm-atlas-neet-pg-2020-q169.png,convert from source PDF/current source image; preserve question image order
pending,radiology,neet-pg-2020-q172,172,1,/uploads/practice-neet-pg-2020-q172-1.png,/uploads/medicomm-atlas-neet-pg-2020-q172.png,convert from source PDF/current source image; preserve question image order
pending,radiology,neet-pg-2020-q174,174,1,/uploads/practice-neet-pg-2020-q174-1.png,/uploads/medicomm-atlas-neet-pg-2020-q174.png,convert from source PDF/current source image; preserve question image order
pending,radiology,neet-pg-2020-q179,179,1,/uploads/practice-neet-pg-2020-q179-1.png,/uploads/medicomm-atlas-neet-pg-2020-q179.png,convert from source PDF/current source image; preserve question image order
pending,radiology,neet-pg-2020-q195,195,1,/uploads/practice-neet-pg-2020-q195-1.png,/uploads/medicomm-atlas-neet-pg-2020-q195.png,convert from source PDF/current source image; preserve question image order
done,physiology,neet-pg-2019-physiology-q012,12,1,/uploads/yellowfool-neet-pg-2019-physiology-q012-p493-i1.jpg,/uploads/medicomm-atlas-neet-pg-2019-physiology-q012.png,"Medicomm atlas-style physiology image generated from the original source image; black atlas background, anatomy-style lower-left medicomm watermark, and original labels/markers preserved."
done,physiology,ini-cet-2022-physiology-q007,7,1,/uploads/yellowfool-ini-cet-2022-physiology-q007-p548-i1.jpg,/uploads/medicomm-atlas-ini-cet-2022-physiology-q007.png,"Medicomm atlas-style physiology image generated from the original source image; black atlas background, anatomy-style lower-left medicomm watermark, and original labels/markers preserved."
done,physiology,ini-cet-2022-physiology-q018,18,1,/uploads/yellowfool-ini-cet-2022-physiology-q018-p551-i1.jpg,/uploads/medicomm-atlas-ini-cet-2022-physiology-q018.png,"Medicomm atlas-style physiology image generated from the original source image; black atlas background, anatomy-style lower-left medicomm watermark, and original labels/markers preserved."
done,physiology,ini-cet-2022-physiology-q020,20,1,/uploads/yellowfool-ini-cet-2022-physiology-q020-p552-i1.jpg,/uploads/medicomm-atlas-ini-cet-2022-physiology-q020.png,"Medicomm atlas-style physiology image generated from the original source image; black atlas background, anatomy-style lower-left medicomm watermark, and original labels/markers preserved."
done,physiology,neet-pg-2022-physiology-q003,3,1,/uploads/yellowfool-neet-pg-2022-physiology-q003-p580-i1.jpg,/uploads/medicomm-atlas-neet-pg-2022-physiology-q003.png,"Medicomm atlas-style physiology image generated from the original source image; black atlas background, anatomy-style lower-left medicomm watermark, and original labels/markers preserved."
done,physiology,neet-pg-2022-physiology-q005,5,1,/uploads/yellowfool-neet-pg-2022-physiology-q005-p581-i1.jpg,/uploads/medicomm-atlas-neet-pg-2022-physiology-q005.png,"Medicomm atlas-style physiology image generated from the original source image; black atlas background, anatomy-style lower-left medicomm watermark, and original labels/markers preserved."
done,physiology,ini-cet-2023-physiology-q018,18,1,/uploads/yellowfool-ini-cet-2023-physiology-q018-p608-i1.jpg,/uploads/medicomm-atlas-ini-cet-2023-physiology-q018.png,"Medicomm atlas-style physiology image generated from the original source image; black atlas background, anatomy-style lower-left medicomm watermark, and original labels/markers preserved."
done,physiology,ini-cet-2023-physiology-q020,20,1,/uploads/yellowfool-ini-cet-2023-physiology-q020-p609-i1.jpg,/uploads/medicomm-atlas-ini-cet-2023-physiology-q020.png,"Medicomm atlas-style physiology image generated from the original source image; black atlas background, anatomy-style lower-left medicomm watermark, and original labels/markers preserved."
done,physiology,neet-pg-2023-physiology-q001,1,1,/uploads/yellowfool-neet-pg-2023-physiology-q001-p589-i1.jpg,/uploads/medicomm-atlas-neet-pg-2023-physiology-q001.png,"Medicomm atlas-style physiology image generated from the original source image; black atlas background, anatomy-style lower-left medicomm watermark, and original labels/markers preserved."
done,physiology,neet-pg-2023-physiology-q003,3,1,/uploads/yellowfool-neet-pg-2023-physiology-q003-p590-i1.jpg,/uploads/medicomm-atlas-neet-pg-2023-physiology-q003.png,"Medicomm atlas-style physiology image generated from the original source image; black atlas background, anatomy-style lower-left medicomm watermark, and original labels/markers preserved."
done,physiology,neet-pg-2023-physiology-q004,4,1,/uploads/yellowfool-neet-pg-2023-physiology-q004-p591-i1.jpg,/uploads/medicomm-atlas-neet-pg-2023-physiology-q004.png,"Medicomm atlas-style physiology image generated from the original source image; black atlas background, anatomy-style lower-left medicomm watermark, and original labels/markers preserved."
done,physiology,ini-cet-2024-physiology-q004,4,1,/uploads/yellowfool-ini-cet-2024-physiology-q004-p630-i1.jpg,/uploads/medicomm-atlas-ini-cet-2024-physiology-q004.png,"Medicomm atlas-style physiology image generated from the original source image; black atlas background, anatomy-style lower-left medicomm watermark, and original labels/markers preserved."
done,physiology,ini-cet-2024-physiology-q006,6,1,/uploads/yellowfool-ini-cet-2024-physiology-q006-p631-i1.jpg,/uploads/medicomm-atlas-ini-cet-2024-physiology-q006.png,"Medicomm atlas-style physiology image generated from the original source image; black atlas background, anatomy-style lower-left medicomm watermark, and original labels/markers preserved."
done,physiology,ini-cet-2024-physiology-q008,8,1,/uploads/yellowfool-ini-cet-2024-physiology-q008-p632-i1.jpg,/uploads/medicomm-atlas-ini-cet-2024-physiology-q008.png,"Medicomm atlas-style physiology image generated from the original source image; black atlas background, anatomy-style lower-left medicomm watermark, and original labels/markers preserved."
done,physiology,ini-cet-2024-physiology-q010,10,1,/uploads/yellowfool-ini-cet-2024-physiology-q010-p633-i1.jpg,/uploads/medicomm-atlas-ini-cet-2024-physiology-q010.png,"Medicomm atlas-style physiology image generated from the original source image; black atlas background, anatomy-style lower-left medicomm watermark, and original labels/markers preserved."
done,physiology,ini-cet-2024-physiology-q013,13,1,/uploads/yellowfool-ini-cet-2024-physiology-q013-p634-i1.jpg,/uploads/medicomm-atlas-ini-cet-2024-physiology-q013.png,"Medicomm atlas-style physiology image generated from the original source image; black atlas background, anatomy-style lower-left medicomm watermark, and original labels/markers preserved."
done,physiology,ini-cet-2024-physiology-q021,21,1,/uploads/yellowfool-ini-cet-2024-physiology-q021-p637-i1.jpg,/uploads/medicomm-atlas-ini-cet-2024-physiology-q021.png,"Medicomm atlas-style physiology image generated from the original source image; black atlas background, anatomy-style lower-left medicomm watermark, and original labels/markers preserved."
done,physiology,ini-cet-2024-physiology-q030,30,1,/uploads/yellowfool-ini-cet-2024-physiology-q030-p640-i1.jpg,/uploads/medicomm-atlas-ini-cet-2024-physiology-q030.png,"Medicomm atlas-style physiology image generated from the original source image; black atlas background, anatomy-style lower-left medicomm watermark, and original labels/markers preserved."
done,biochemistry,aiims-2017-biochemistry-q010,10,1,/uploads/yellowfool-aiims-2017-biochemistry-q010-p682-i1.jpg,/uploads/medicomm-atlas-aiims-2017-biochemistry-q010.png,"Medicomm atlas-style biochemistry image generated from the original source image; black atlas background, anatomy-style lower-left medicomm watermark, and original labels/diagnostic features preserved."
done,biochemistry,aiims-2018-biochemistry-q012,12,1,/uploads/yellowfool-aiims-2018-biochemistry-q012-p698-i1.jpg,/uploads/medicomm-atlas-aiims-2018-biochemistry-q012.png,"Medicomm atlas-style biochemistry image generated from the original source image; black atlas background, anatomy-style lower-left medicomm watermark, and original labels/diagnostic features preserved."
done,biochemistry,neet-pg-2018-biochemistry-q004,4,1,/uploads/yellowfool-neet-pg-2018-biochemistry-q004-p747-i1.jpg,/uploads/medicomm-atlas-neet-pg-2018-biochemistry-q004.png,"Medicomm atlas-style biochemistry image generated from the original source image; black atlas background, anatomy-style lower-left medicomm watermark, and original labels/diagnostic features preserved."
done,biochemistry,aiims-2019-biochemistry-q007,7,1,/uploads/yellowfool-aiims-2019-biochemistry-q007-p713-i1.jpg,/uploads/medicomm-atlas-aiims-2019-biochemistry-q007.png,"Medicomm atlas-style biochemistry image generated from the original source image; black atlas background, anatomy-style lower-left medicomm watermark, and original labels/diagnostic features preserved."
done,biochemistry,aiims-2019-biochemistry-q012,12,1,/uploads/yellowfool-aiims-2019-biochemistry-q012-p714-i1.jpg,/uploads/medicomm-atlas-aiims-2019-biochemistry-q012.png,"Medicomm atlas-style biochemistry image generated from the original source image; black atlas background, anatomy-style lower-left medicomm watermark, and original labels/diagnostic features preserved."
done,biochemistry,aiims-2020-biochemistry-q013,13,1,/uploads/yellowfool-aiims-2020-biochemistry-q013-p730-i1.jpg,/uploads/medicomm-atlas-aiims-2020-biochemistry-q013.png,"Medicomm atlas-style biochemistry image generated from the original source image; black atlas background, anatomy-style lower-left medicomm watermark, and original labels/diagnostic features preserved."
done,biochemistry,aiims-2020-biochemistry-q014,14,1,/uploads/yellowfool-aiims-2020-biochemistry-q014-p731-i1.jpg,/uploads/medicomm-atlas-aiims-2020-biochemistry-q014.png,"Medicomm atlas-style biochemistry image generated from the original source image; black atlas background, anatomy-style lower-left medicomm watermark, and original labels/diagnostic features preserved."
done,biochemistry,neet-pg-2020-biochemistry-q011,11,1,/uploads/yellowfool-neet-pg-2020-biochemistry-q011-p769-i1.jpg,/uploads/medicomm-atlas-neet-pg-2020-biochemistry-q011.png,"Medicomm atlas-style biochemistry image generated from the original source image; black atlas background, anatomy-style lower-left medicomm watermark, and original labels/diagnostic features preserved."
done,biochemistry,ini-cet-2021-biochemistry-q012,12,1,/uploads/yellowfool-ini-cet-2021-biochemistry-q012-p782-i1.jpg,/uploads/medicomm-atlas-ini-cet-2021-biochemistry-q012.png,"Medicomm atlas-style biochemistry image generated from the original source image; black atlas background, anatomy-style lower-left medicomm watermark, and original labels/diagnostic features preserved."
done,biochemistry,neet-pg-2021-biochemistry-q001,1,1,/uploads/yellowfool-neet-pg-2021-biochemistry-q001-p810-i1.jpg,/uploads/medicomm-atlas-neet-pg-2021-biochemistry-q001.png,"Medicomm atlas-style biochemistry image generated from the original source image; black atlas background, anatomy-style lower-left medicomm watermark, and original labels/diagnostic features preserved."
done,biochemistry,neet-pg-2021-biochemistry-q008,8,1,/uploads/yellowfool-neet-pg-2021-biochemistry-q008-p812-i1.jpg,/uploads/medicomm-atlas-neet-pg-2021-biochemistry-q008.png,"Medicomm atlas-style biochemistry image generated from the original source image; black atlas background, anatomy-style lower-left medicomm watermark, and original labels/diagnostic features preserved."
done,biochemistry,ini-cet-2022-biochemistry-q003,3,1,/uploads/yellowfool-ini-cet-2022-biochemistry-q003-p834-i1.jpg,/uploads/medicomm-atlas-ini-cet-2022-biochemistry-q003.png,"Medicomm atlas-style biochemistry image generated from the original source image; black atlas background, anatomy-style lower-left medicomm watermark, and original labels/diagnostic features preserved."
done,biochemistry,ini-cet-2022-biochemistry-q018,18,1,/uploads/yellowfool-ini-cet-2022-biochemistry-q018-p838-i1.jpg,/uploads/medicomm-atlas-ini-cet-2022-biochemistry-q018.png,"Medicomm atlas-style biochemistry image generated from the original source image; black atlas background, anatomy-style lower-left medicomm watermark, and original labels/diagnostic features preserved."
done,biochemistry,ini-cet-2022-biochemistry-q019,19,1,/uploads/yellowfool-ini-cet-2022-biochemistry-q019-p839-i1.jpg,/uploads/medicomm-atlas-ini-cet-2022-biochemistry-q019.png,"Medicomm atlas-style biochemistry image generated from the original source image; black atlas background, anatomy-style lower-left medicomm watermark, and original labels/diagnostic features preserved."
done,biochemistry,ini-cet-2023-biochemistry-q002,2,1,/uploads/yellowfool-ini-cet-2023-biochemistry-q002-p891-i1.jpg,/uploads/medicomm-atlas-ini-cet-2023-biochemistry-q002.png,"Medicomm atlas-style biochemistry image generated from the original source image; black atlas background, anatomy-style lower-left medicomm watermark, and original labels/diagnostic features preserved."
done,biochemistry,ini-cet-2024-biochemistry-q001,1,1,/uploads/yellowfool-ini-cet-2024-biochemistry-q001-p912-i1.jpg,/uploads/medicomm-atlas-ini-cet-2024-biochemistry-q001.png,"Medicomm atlas-style biochemistry image generated from the original source image; black atlas background, anatomy-style lower-left medicomm watermark, and original labels/diagnostic features preserved."
done,biochemistry,neet-pg-2024-biochemistry-q010,10,1,/uploads/yellowfool-neet-pg-2024-biochemistry-q010-p937-i1.jpg,/uploads/medicomm-atlas-neet-pg-2024-biochemistry-q010.png,"Medicomm atlas-style biochemistry image generated from the original source image; black atlas background, anatomy-style lower-left medicomm watermark, and original labels/diagnostic features preserved."
done,biochemistry,neet-pg-2024-biochemistry-q014,14,1,/uploads/yellowfool-neet-pg-2024-biochemistry-q014-p939-i1.jpg,/uploads/medicomm-atlas-neet-pg-2024-biochemistry-q014.png,"Medicomm atlas-style biochemistry image generated from the original source image; black atlas background, anatomy-style lower-left medicomm watermark, and original labels/diagnostic features preserved."
done,biochemistry,neet-pg-2024-biochemistry-q021,21,1,/uploads/yellowfool-neet-pg-2024-biochemistry-q021-p942-i1.jpg,/uploads/medicomm-atlas-neet-pg-2024-biochemistry-q021.png,"Medicomm atlas-style biochemistry image generated from the original source image; black atlas background, anatomy-style lower-left medicomm watermark, and original labels/diagnostic features preserved."
